region_type,region_id,parent_id,color,local_x,local_y,global_x,global_y,bbox_local,bbox,density_multiplier
ocean,ter-000001,2,#1d3a6b,312.35,37.84,1174.35,37.84,"[0, 0, 465, 114]","[862, 0, 1327, 114]",1.0
ocean,ter-000002,1,#281b86,128.29,182.89,128.29,182.89,"[0, 0, 312, 373]","[0, 0, 312, 373]",0.5078125
ocean,ter-000003,1,#1b036e,553.88,44.75,553.88,44.75,"[231, 0, 876, 289]","[231, 0, 876, 289]",0.5078125
ocean,ter-000004,3,#12246b,28.01,3.19,1055.01,3.19,"[0, 0, 62, 9]","[1027, 0, 1089, 9]",0.4
land,ter-000005,4,#31f749,19.54,1.72,1335.54,1.72,"[0, 0, 37, 5]","[1316, 0, 1353, 5]",0.4
ocean,ter-000006,5,#142393,105.02,47.32,1426.02,47.32,"[0, 0, 238, 122]","[1321, 0, 1559, 122]",0.25
land,ter-000007,6,#fa61d1,15.78,2.13,1407.78,2.13,"[0, 0, 33, 6]","[1392, 0, 1425, 6]",0.4
land,ter-000008,7,#b25108,39.39,2.88,1468.39,2.88,"[0, 0, 81, 8]","[1429, 0, 1510, 8]",0.25
land,ter-000009,8,#c6a415,23.53,2.66,1536.53,2.66,"[0, 0, 48, 8]","[1513, 0, 1561, 8]",0.25
ocean,ter-000010,9,#2103b1,398.27,224.25,1956.27,224.25,"[259, 51, 567, 351]","[1817, 51, 2125, 351]",1.0
ocean,ter-000011,9,#2b3788,252.56,74.98,1810.56,74.98,"[0, 0, 423, 244]","[1558, 0, 1981, 244]",1.0
land,ter-000012,10,#97981a,80.12,27.81,2003.12,27.81,"[0, 0, 154, 77]","[1923, 0, 2077, 77]",0.654296875
land,ter-000013,10,#d45b00,126.28,111.61,2049.28,111.61,"[60, 25, 168, 189]","[1983, 25, 2091, 189]",0.654296875
land,ter-000014,10,#17afd2,210.63,100.67,2133.63,100.67,"[168, 47, 280, 156]","[2091, 47, 2203, 156]",0.654296875
land,ter-000015,10,#9c323a,338.09,61.16,2261.09,61.16,"[271, 0, 403, 129]","[2194, 0, 2326, 129]",0.654296875
land,ter-000016,10,#03ad2f,228.03,30.84,2151.03,30.84,"[153, 0, 301, 82]","[2076, 0, 2224, 82]",0.654296875
land,ter-000017,10,#352fd7,463.5,45.01,2386.5,45.01,"[386, 0, 573, 108]","[2309, 0, 2496, 108]",0.654296875
land,ter-000018,13,#c1fd64,44.02,11.57,3705.02,11.57,"[0, 0, 99, 29]","[3661, 0, 3760, 29]",0.4
ocean,ter-000019,12,#33237d,238.3,55.61,3410.3,55.61,"[0, 0, 429, 174]","[3172, 0, 3601, 174]",1.0
ocean,ter-000020,12,#1620ae,662.24,43.03,3834.24,43.03,"[426, 0, 1007, 136]","[3598, 0, 4179, 136]",1.0
ocean,ter-000021,15,#082892,327.73,20.57,4896.73,20.57,"[0, 0, 581, 66]","[4569, 0, 5150, 66]",1.0
ocean,ter-000022,15,#25489b,838.72,38.01,5407.72,38.01,"[580, 0, 1063, 97]","[5149, 0, 5632, 97]",1.0
ocean,ter-000023,16,#201372,10.75,5.85,2501.75,5.85,"[0, 0, 25, 11]","[2491, 0, 2516, 11]",0.9085937500000001
land,ter-000024,17,#95bc95,21.88,8.85,4558.88,11.85,"[0, 0, 47, 17]","[4537, 3, 4584, 20]",0.853515625
land,ter-000025,18,#e610cb,69.1,23.28,917.1,29.28,"[0, 0, 160, 54]","[848, 6, 1008, 60]",0.25
ocean,ter-000026,19,#33277c,10.43,3.1,4578.43,9.1,"[0, 0, 23, 8]","[4568, 6, 4591, 14]",0.55
land,ter-000027,20,#628096,34.01,13.64,1351.01,25.64,"[0, 0, 84, 36]","[1317, 12, 1401, 48]",0.25
ocean,ter-000028,21,#1031a3,31.28,9.65,4516.28,20.65,"[0, 0, 56, 17]","[4485, 11, 4541, 28]",0.8500000000000001
ocean,ter-000029,22,#05498b,22.4,5.43,5040.4,21.43,"[0, 0, 45, 12]","[5018, 16, 5063, 28]",0.25
land,ter-000030,14,#6a136a,241.61,311.36,3679.61,311.36,"[114, 226, 367, 393]","[3552, 226, 3805, 393]",0.25
land,ter-000031,14,#4e2588,473.67,254.12,3911.67,254.12,"[358, 149, 564, 336]","[3796, 149, 4002, 336]",0.25
land,ter-000032,14,#1b87ff,648.51,267.54,4086.51,267.54,"[555, 158, 737, 378]","[3993, 158, 4175, 378]",0.25
land,ter-000033,14,#8bc69e,812.29,246.28,4250.29,246.28,"[717, 165, 912, 342]","[4155, 165, 4350, 342]",0.25
land,ter-000034,14,#79ff65,985.24,229.95,4423.24,229.95,"[893, 142, 1086, 331]","[4331, 142, 4524, 331]",0.25
land,ter-000035,14,#29223b,1239.29,216.08,4677.29,216.08,"[1152, 127, 1307, 310]","[4590, 127, 4745, 310]",0.25
land,ter-000036,14,#0c8a28,1436.27,106.67,4874.27,106.67,"[1355, 23, 1516, 183]","[4793, 23, 4954, 183]",0.25
land,ter-000037,14,#db3640,789.97,87.45,4227.97,87.45,"[681, 0, 899, 176]","[4119, 0, 4337, 176]",0.25
land,ter-000038,14,#eee5b9,580.57,111.45,4018.57,111.45,"[451, 20, 696, 213]","[3889, 20, 4134, 213]",0.25
land,ter-000039,14,#2a6397,1127.62,96.04,4565.62,96.04,"[1044, 0, 1214, 185]","[4482, 0, 4652, 185]",0.25
land,ter-000040,14,#296645,1803.46,157.23,5241.46,157.23,"[1692, 42, 1907, 375]","[5130, 42, 5345, 375]",0.25
land,ter-000041,14,#cb5b05,969.98,71.2,4407.98,71.2,"[878, 0, 1069, 158]","[4316, 0, 4507, 158]",0.25
land,ter-000042,14,#d7c5a2,212.13,169.46,3650.13,169.46,"[126, 94, 288, 258]","[3564, 94, 3726, 258]",0.25
land,ter-000043,14,#c932c4,1662.11,189.5,5100.11,189.5,"[1572, 98, 1763, 257]","[5010, 98, 5201, 257]",0.25
land,ter-000044,14,#b91f87,1501.38,234.39,4939.38,234.39,"[1425, 145, 1590, 319]","[4863, 145, 5028, 319]",0.25
land,ter-000045,14,#43b206,1124.45,267.15,4562.45,267.15,"[1036, 185, 1224, 340]","[4474, 185, 4662, 340]",0.25
land,ter-000046,14,#3a5695,369.97,163.1,3807.97,163.1,"[283, 48, 476, 286]","[3721, 48, 3914, 286]",0.25
land,ter-000047,14,#45c3e4,1364.98,228.54,4802.98,228.54,"[1297, 134, 1437, 310]","[4735, 134, 4875, 310]",0.25
land,ter-000048,14,#7bb72e,1287.58,82.58,4725.58,82.58,"[1201, 17, 1374, 160]","[4639, 17, 4812, 160]",0.25
land,ter-000049,14,#1a9557,1597.1,95.65,5035.1,95.65,"[1512, 33, 1703, 181]","[4950, 33, 5141, 181]",0.25
land,ter-000050,14,#354a13,92.97,208.99,3530.97,208.99,"[0, 100, 167, 337]","[3438, 100, 3605, 337]",0.25
land,ter-000051,14,#cb3717,2018.37,166.12,5456.37,166.12,"[1852, 76, 2194, 363]","[5290, 76, 5632, 363]",0.25
land,ter-000052,23,#2760fb,56.74,19.74,1264.74,34.74,"[0, 0, 99, 42]","[1208, 15, 1307, 57]",0.25
land,ter-000053,24,#c9d017,237.79,80.4,1643.79,97.4,"[0, 0, 441, 188]","[1406, 17, 1847, 205]",0.25
ocean,ter-000054,25,#2f117d,18.4,4.73,1161.4,23.73,"[0, 0, 36, 14]","[1143, 19, 1179, 33]",0.25
land,ter-000055,26,#622fa3,33.66,8.2,1583.66,26.2,"[0, 0, 72, 16]","[1550, 18, 1622, 34]",0.55
land,ter-000056,27,#24f274,45.06,23.99,3666.06,45.99,"[0, 0, 89, 46]","[3621, 22, 3710, 68]",0.25
land,ter-000057,28,#f85ee0,134.69,39.02,1085.69,63.02,"[0, 0, 279, 77]","[951, 24, 1230, 101]",0.25
land,ter-000058,29,#266478,20.18,9.34,1570.18,36.34,"[0, 0, 50, 18]","[1550, 27, 1600, 45]",0.7
land,ter-000059,30,#7d9cce,18.53,3.63,2405.53,29.63,"[0, 0, 38, 9]","[2387, 26, 2425, 35]",0.7234375
ocean,ter-000060,31,#2633ac,125.8,44.98,973.8,77.98,"[0, 0, 320, 88]","[848, 33, 1168, 121]",1.0
land,ter-000061,32,#b6d6e1,16.26,9.32,2446.26,34.32,"[0, 0, 35, 19]","[2430, 25, 2465, 44]",0.912109375
land,ter-000062,34,#fc07eb,9.28,8.01,4113.28,58.01,"[0, 0, 19, 16]","[4104, 50, 4123, 66]",0.79609375
land,ter-000063,35,#92895f,14.74,4.25,14.74,57.25,"[0, 0, 36, 10]","[0, 53, 36, 63]",0.25
land,ter-000064,36,#f32aa6,9.61,5.56,5623.61,59.56,"[0, 0, 18, 11]","[5614, 54, 5632, 65]",0.951953125
land,ter-000065,33,#39d060,346.7,293.91,954.7,339.91,"[235, 201, 439, 366]","[843, 247, 1047, 412]",0.25
land,ter-000066,33,#01fba7,516.02,280.51,1124.02,326.51,"[422, 178, 612, 361]","[1030, 224, 1220, 407]",0.25
land,ter-000067,33,#bcf382,715.13,283.36,1323.13,329.36,"[606, 175, 873, 375]","[1214, 221, 1481, 421]",0.25
land,ter-000068,33,#6ad86b,398.78,134.93,1006.78,180.93,"[302, 43, 488, 231]","[910, 89, 1096, 277]",0.25
land,ter-000069,33,#ae75ab,221.54,222.64,829.54,268.64,"[114, 143, 321, 335]","[722, 189, 929, 381]",0.25
land,ter-000070,33,#564a23,78.09,117.9,686.09,163.9,"[0, 36, 167, 219]","[608, 82, 775, 265]",0.25
land,ter-000071,33,#d2a471,236.56,89.19,844.56,135.19,"[145, 25, 338, 159]","[753, 71, 946, 205]",0.25
land,ter-000072,33,#bfceea,582.44,137.89,1190.44,183.89,"[487, 53, 685, 238]","[1095, 99, 1293, 284]",0.25
land,ter-000073,33,#8752aa,769.15,89.07,1377.15,135.07,"[661, 0, 936, 186]","[1269, 46, 1544, 232]",0.25
land,ter-000074,38,#240a88,20.92,6.89,2397.92,65.89,"[0, 0, 41, 13]","[2377, 59, 2418, 72]",0.7808593749999999
land,ter-000075,37,#1eb287,142.15,108.68,330.15,164.68,"[0, 0, 235, 245]","[188, 56, 423, 301]",0.25
land,ter-000076,37,#89d43b,323.07,95.38,511.07,151.38,"[223, 7, 449, 190]","[411, 63, 637, 246]",0.25
land,ter-000077,39,#add3cf,87.13,21.38,3172.13,83.38,"[0, 0, 173, 47]","[3085, 62, 3258, 109]",2.2283464566929134
land,ter-000078,40,#f62145,18.65,10.21,3274.65,74.21,"[0, 0, 43, 24]","[3256, 64, 3299, 88]",0.88984375
ocean,ter-000079,41,#0a36b2,13.81,6.24,3746.81,76.24,"[0, 0, 30, 13]","[3733, 70, 3763, 83]",0.6507812500000001
ocean,ter-000080,11,#374586,447.55,761.61,1987.55,761.61,"[280, 604, 612, 894]","[1820, 604, 2152, 894]",0.5078125
ocean,ter-000081,11,#092e90,727.18,1126.58,2267.18,1126.58,"[536, 976, 933, 1269]","[2076, 976, 2473, 1269]",0.5078125
ocean,ter-000082,11,#121e83,749.36,658.76,2289.36,658.76,"[564, 496, 937, 837]","[2104, 496, 2477, 837]",0.5078125
ocean,ter-000083,11,#1a1474,318.75,550.88,1858.75,550.88,"[138, 384, 497, 714]","[1678, 384, 2037, 714]",0.5078125
ocean,ter-000084,11,#2b1a91,532.83,438.79,2072.83,438.79,"[341, 244, 687, 617]","[1881, 244, 2227, 617]",0.5078125
ocean,ter-000085,11,#31076a,1013.32,555.68,2553.32,555.68,"[839, 366, 1200, 766]","[2379, 366, 2740, 766]",0.5078125
ocean,ter-000086,11,#284cb2,757.27,314.06,2297.27,314.06,"[576, 105, 947, 497]","[2116, 105, 2487, 497]",0.5078125
ocean,ter-000087,11,#2d4ca5,167.78,720.22,1707.78,720.22,"[0, 531, 310, 890]","[1540, 531, 1850, 890]",0.5078125
ocean,ter-000088,11,#322588,919.93,933.69,2459.93,933.69,"[774, 738, 1077, 1144]","[2314, 738, 2617, 1144]",0.5078125
ocean,ter-000089,11,#1449a6,448.2,1009.27,1988.2,1009.27,"[277, 885, 581, 1194]","[1817, 885, 2121, 1194]",0.5078125
ocean,ter-000090,11,#160b7f,1009.64,170.89,2549.64,170.89,"[794, 0, 1185, 371]","[2334, 0, 2725, 371]",0.5078125
ocean,ter-000091,11,#281ea3,1238.13,305.65,2778.13,305.65,"[1066, 136, 1477, 495]","[2606, 136, 3017, 495]",0.5078125
ocean,ter-000092,11,#12169c,1373.48,80.34,2913.48,80.34,"[1148, 0, 1633, 271]","[2688, 0, 3173, 271]",0.5078125
ocean,ter-000093,11,#1728ab,644.2,909.79,2184.2,909.79,"[500, 758, 780, 1069]","[2040, 758, 2320, 1069]",0.5078125
ocean,ter-000094,42,#343476,210.58,143.38,1541.58,214.38,"[0, 0, 473, 301]","[1331, 71, 1804, 372]",1.0
land,ter-000095,43,#75e76a,22.09,7.7,1743.09,80.7,"[0, 0, 43, 19]","[1721, 73, 1764, 92]",0.4
land,ter-000096,44,#de84a3,20.21,7.64,1978.21,79.64,"[0, 0, 45, 16]","[1958, 72, 2003, 88]",1.0
ocean,ter-000097,45,#054d7e,14.69,5.64,763.69,80.64,"[0, 0, 30, 12]","[749, 75, 779, 87]",0.7
land,ter-000098,46,#c6d8b7,26.3,130.73,3170.3,206.73,"[3, 97, 52, 159]","[3147, 173, 3196, 235]",2.2283464566929134
land,ter-000099,46,#1cae31,60.09,45.1,3204.09,121.1,"[0, 12, 94, 84]","[3144, 88, 3238, 160]",2.2283464566929134
land,ter-000100,46,#46a611,105.02,30.41,3249.02,106.41,"[75, 0, 141, 63]","[3219, 76, 3285, 139]",2.2283464566929134
land,ter-000101,46,#77c51b,117.95,99.07,3261.95,175.07,"[76, 57, 166, 149]","[3220, 133, 3310, 225]",2.2283464566929134
land,ter-000102,46,#9cd522,68.81,121.02,3212.81,197.02,"[35, 83, 111, 158]","[3179, 159, 3255, 234]",2.2283464566929134
ocean,ter-000103,47,#013f99,10.85,3.17,5455.85,80.17,"[0, 0, 23, 7]","[5445, 77, 5468, 84]",1.0
land,ter-000104,48,#b458f8,27.24,12.51,1291.24,91.51,"[0, 0, 53, 26]","[1264, 79, 1317, 105]",0.25
ocean,ter-000105,50,#3a21a4,20.66,16.47,1324.66,99.47,"[0, 0, 46, 41]","[1304, 83, 1350, 124]",0.94609375
land,ter-000106,49,#7539d6,144.9,196.82,3389.9,275.82,"[98, 147, 190, 244]","[3343, 226, 3435, 323]",1.0
land,ter-000107,49,#502635,223.35,258.81,3468.35,337.81,"[179, 221, 279, 314]","[3424, 300, 3524, 393]",1.0
land,ter-000108,49,#09d70b,245.19,351.14,3490.19,430.14,"[202, 307, 296, 416]","[3447, 386, 3541, 495]",1.0
land,ter-000109,49,#a9e17f,167.16,102.61,3412.16,181.61,"[104, 23, 219, 162]","[3349, 102, 3464, 241]",1.0
land,ter-000110,49,#733b6b,280.93,287.88,3525.93,366.88,"[236, 222, 320, 341]","[3481, 301, 3565, 420]",1.0
land,ter-000111,49,#765553,155.86,277.37,3400.86,356.37,"[106, 237, 203, 319]","[3351, 316, 3448, 398]",1.0
land,ter-000112,49,#450bff,197.57,377.67,3442.57,456.67,"[148, 316, 239, 419]","[3393, 395, 3484, 498]",1.0
land,ter-000113,49,#b98e22,223.84,185.19,3468.84,264.19,"[177, 132, 281, 224]","[3422, 211, 3526, 303]",1.0
land,ter-000114,49,#b2fc41,60.57,164.42,3305.57,243.42,"[0, 103, 122, 218]","[3245, 182, 3367, 297]",1.0
land,ter-000115,49,#de1a6c,86.33,236.74,3331.33,315.74,"[22, 196, 128, 282]","[3267, 275, 3373, 361]",1.0
land,ter-000116,49,#8918a2,86.03,49.39,3331.03,128.39,"[17, 0, 170, 114]","[3262, 79, 3415, 193]",1.0
land,ter-000117,49,#13063e,292.74,393.83,3537.74,472.83,"[238, 340, 340, 450]","[3483, 419, 3585, 529]",1.0
ocean,ter-000118,51,#091594,12.68,5.63,3584.68,90.63,"[0, 0, 29, 13]","[3572, 85, 3601, 98]",0.41875
land,ter-000119,52,#66591d,12.37,7.75,4026.37,98.75,"[0, 0, 24, 20]","[4014, 91, 4038, 111]",0.7
land,ter-000120,53,#5f3f95,81.64,51.34,3071.64,143.34,"[42, 8, 110, 80]","[3032, 100, 3100, 172]",2.2283464566929134
land,ter-000121,53,#56383c,41.79,110.28,3031.79,202.28,"[15, 69, 73, 146]","[3005, 161, 3063, 238]",2.2283464566929134
land,ter-000122,53,#3fd113,130.72,47.12,3120.72,139.12,"[103, 8, 163, 88]","[3093, 100, 3153, 180]",2.2283464566929134
land,ter-000123,53,#2a1b77,37.1,176.84,3027.1,268.84,"[0, 143, 77, 215]","[2990, 235, 3067, 307]",2.2283464566929134
land,ter-000124,53,#a4455b,81.31,153.19,3071.31,245.19,"[49, 124, 123, 201]","[3039, 216, 3113, 293]",2.2283464566929134
land,ter-000125,53,#b50ebd,89.61,94.6,3079.61,186.6,"[59, 71, 130, 127]","[3049, 163, 3120, 219]",2.2283464566929134
land,ter-000126,53,#5e089d,170.34,29.15,3160.34,121.15,"[140, 0, 203, 62]","[3130, 92, 3193, 154]",2.2283464566929134
land,ter-000127,54,#8cb1aa,64.25,38.13,64.25,132.13,"[0, 0, 151, 73]","[0, 94, 151, 167]",0.25
ocean,ter-000128,55,#1c4195,21.78,6.39,1137.78,100.39,"[0, 0, 46, 15]","[1116, 94, 1162, 109]",0.48320312499999996
land,ter-000129,56,#bded79,17.33,7.8,1623.33,111.8,"[0, 0, 35, 17]","[1606, 104, 1641, 121]",0.25
land,ter-000130,57,#ac1ff0,82.93,110.36,2977.93,212.36,"[51, 68, 122, 155]","[2946, 170, 3017, 257]",2.2283464566929134
land,ter-000131,57,#86579a,31.95,124.94,2926.95,226.94,"[0, 83, 61, 163]","[2895, 185, 2956, 265]",2.2283464566929134
land,ter-000132,57,#11b713,132.1,44.91,3027.1,146.91,"[80, 0, 181, 89]","[2975, 102, 3076, 191]",2.2283464566929134
land,ter-000133,58,#f914c3,172.89,24.01,2201.89,136.01,"[113, 0, 249, 71]","[2142, 112, 2278, 183]",1.0
land,ter-000134,58,#5232ab,76.93,75.68,2105.93,187.68,"[0, 23, 138, 122]","[2029, 135, 2167, 234]",1.0
land,ter-000135,59,#73d61c,22.21,8.18,1995.21,113.18,"[0, 0, 42, 18]","[1973, 105, 2015, 123]",0.8500000000000001
land,ter-000136,60,#78e27d,18.46,5.54,1996.46,124.54,"[0, 0, 38, 14]","[1978, 119, 2016, 133]",0.8500000000000001
land,ter-000137,61,#6206a4,36.54,15.23,927.54,139.23,"[0, 0, 82, 33]","[891, 124, 973, 157]",1.0
land,ter-000138,62,#317dba,71.06,24.55,2531.06,156.55,"[0, 0, 141, 49]","[2460, 132, 2601, 181]",2.2283464566929134
land,ter-000139,63,#42bccc,9.76,7.46,2467.76,141.46,"[0, 0, 22, 15]","[2458, 134, 2480, 149]",0.701171875
land,ter-000140,64,#4ea3b1,44.48,22.72,1495.48,164.72,"[0, 0, 105, 43]","[1451, 142, 1556, 185]",0.25
ocean,ter-000141,65,#2a4c77,139.28,107.02,3127.28,249.02,"[0, 0, 294, 189]","[2988, 142, 3282, 331]",3.0551181102362204
lake,ter-000142,66,#200d82,9.15,4.88,920.15,150.88,"[0, 0, 20, 11]","[911, 146, 931, 157]",0.4
land,ter-000143,67,#72b563,21.22,9.02,1613.22,158.02,"[0, 0, 43, 19]","[1592, 149, 1635, 168]",0.25
ocean,ter-000144,69,#204b9c,12.06,4.63,152.06,180.63,"[0, 0, 25, 11]","[140, 176, 165, 187]",0.55703125
ocean,ter-000145,70,#2d2a68,14.51,5.72,1516.51,192.72,"[0, 0, 31, 13]","[1502, 187, 1533, 200]",0.28984375
land,ter-000146,71,#475a1e,85.32,103.08,1652.32,297.08,"[0, 0, 159, 203]","[1567, 194, 1726, 397]",0.25
land,ter-000147,71,#040b2b,226.46,112.83,1793.46,306.83,"[151, 36, 348, 173]","[1718, 230, 1915, 367]",0.25
lake,ter-000148,72,#0225ae,31.76,15.37,1021.76,209.37,"[0, 0, 63, 27]","[990, 194, 1053, 221]",1.0
ocean,ter-000149,73,#221d9a,7.27,5.67,1566.27,201.67,"[0, 0, 16, 13]","[1559, 196, 1575, 209]",0.25
lake,ter-000150,74,#2f4991,22.23,13.22,3308.23,220.22,"[0, 0, 45, 28]","[3286, 207, 3331, 235]",1.0
ocean,ter-000151,76,#1f4e69,12.07,3.86,211.07,231.86,"[0, 0, 23, 9]","[199, 228, 222, 237]",0.335546875
land,ter-000152,77,#477df2,14.75,8.59,647.75,243.59,"[0, 0, 31, 21]","[633, 235, 664, 256]",0.431640625
land,ter-000153,78,#0023c7,15.26,14.78,690.26,252.78,"[0, 0, 29, 30]","[675, 238, 704, 268]",0.4
land,ter-000154,79,#67cb97,13.3,18.25,709.3,257.25,"[0, 0, 26, 34]","[696, 239, 722, 273]",0.377734375
land,ter-000155,80,#dd86c7,36.79,14.06,3219.79,254.06,"[0, 0, 71, 33]","[3183, 240, 3254, 273]",2.2283464566929134
land,ter-000156,81,#66410e,9.82,5.01,672.82,255.01,"[0, 0, 21, 11]","[663, 250, 684, 261]",0.3015625
land,ter-000157,82,#913a7b,31.7,39.04,2756.7,290.04,"[0, 0, 69, 93]","[2725, 251, 2794, 344]",1.6
land,ter-000158,82,#2fa16b,64.56,102.79,2789.56,353.79,"[10, 62, 119, 137]","[2735, 313, 2844, 388]",1.6
land,ter-000159,83,#352378,60.78,18.81,3205.78,282.81,"[0, 0, 113, 38]","[3145, 264, 3258, 302]",2.2283464566929134
land,ter-000160,84,#aaf9e2,31.47,23.96,749.47,289.96,"[0, 0, 63, 55]","[718, 266, 781, 321]",0.403515625
land,ter-000161,85,#b38297,4.87,6.09,3104.87,273.09,"[0, 0, 11, 14]","[3100, 267, 3111, 281]",0.53828125
ocean,ter-000162,86,#0e3774,7.57,4.74,2973.57,275.74,"[0, 0, 15, 10]","[2966, 271, 2981, 281]",0.9800781249999999
ocean,ter-000163,75,#0f249b,1000.12,728.65,1000.12,941.65,"[796, 589, 1158, 831]","[796, 802, 1158, 1044]",0.5078125
ocean,ter-000164,75,#33236c,934.18,520.01,934.18,733.01,"[793, 349, 1143, 655]","[793, 562, 1143, 868]",0.5078125
ocean,ter-000165,75,#221d7a,538.44,713.17,538.44,926.17,"[395, 531, 736, 832]","[395, 744, 736, 1045]",0.5078125
ocean,ter-000166,75,#390087,242.88,730.32,242.88,943.32,"[0, 565, 404, 832]","[0, 778, 404, 1045]",0.5078125
ocean,ter-000167,75,#2f3b65,733.48,616.56,733.48,829.56,"[567, 443, 879, 832]","[567, 656, 879, 1045]",0.5078125
ocean,ter-000168,75,#082b70,403.41,448.03,403.41,661.03,"[215, 264, 595, 628]","[215, 477, 595, 841]",0.5078125
ocean,ter-000169,75,#191977,1283.11,766.21,1283.11,979.21,"[1135, 605, 1509, 831]","[1135, 818, 1509, 1044]",0.5078125
ocean,ter-000170,75,#290969,708.24,292.41,708.24,505.41,"[516, 64, 879, 470]","[516, 277, 879, 683]",0.5078125
ocean,ter-000171,75,#102497,102.42,563.81,102.42,776.81,"[0, 383, 269, 815]","[0, 596, 269, 1028]",0.5078125
ocean,ter-000172,75,#2e188f,167.53,262.14,167.53,475.14,"[0, 92, 360, 431]","[0, 305, 360, 644]",0.5078125
ocean,ter-000173,75,#123b6c,491.77,143.96,491.77,356.96,"[296, 0, 719, 315]","[296, 213, 719, 528]",0.5078125
land,ter-000174,87,#ad2000,8.8,9.76,700.8,276.76,"[0, 0, 16, 25]","[692, 267, 708, 292]",0.276953125
ocean,ter-000175,68,#1c2b7e,849.04,687.25,5505.04,843.25,"[674, 538, 976, 822]","[5330, 694, 5632, 978]",0.5078125
ocean,ter-000176,68,#191c7a,609.25,912.72,5265.25,1068.72,"[456, 730, 760, 1085]","[5112, 886, 5416, 1241]",0.5078125
ocean,ter-000177,68,#1b338c,844.25,1226.63,5500.25,1382.63,"[701, 1080, 976, 1394]","[5357, 1236, 5632, 1550]",0.5078125
ocean,ter-000178,68,#0c0a74,306.61,905.93,4962.61,1061.93,"[125, 733, 465, 1075]","[4781, 889, 5121, 1231]",0.5078125
ocean,ter-000179,68,#2f0671,794.72,1493.49,5450.72,1649.49,"[569, 1332, 976, 1653]","[5225, 1488, 5632, 1809]",0.5078125
ocean,ter-000180,68,#312fb0,866.5,407.36,5522.5,563.36,"[721, 269, 976, 549]","[5377, 425, 5632, 705]",0.5078125
ocean,ter-000181,68,#241875,447.95,664.45,5103.95,820.45,"[300, 470, 620, 832]","[4956, 626, 5276, 988]",0.5078125
ocean,ter-000182,68,#112d89,567.26,1218.49,5223.26,1374.49,"[391, 1039, 713, 1438]","[5047, 1195, 5369, 1594]",0.5078125
ocean,ter-000183,68,#21117a,160.48,641.01,4816.48,797.01,"[0, 404, 308, 831]","[4656, 560, 4964, 987]",0.5078125
ocean,ter-000184,68,#1f4a8a,625.92,310.26,5281.92,466.26,"[466, 71, 776, 438]","[5122, 227, 5432, 594]",0.5078125
ocean,ter-000185,68,#041a84,297.06,439.05,4953.06,595.05,"[17, 288, 488, 594]","[4673, 444, 5144, 750]",0.5078125
ocean,ter-000186,68,#1a0f93,859.49,956.24,5515.49,1112.24,"[721, 811, 976, 1098]","[5377, 967, 5632, 1254]",0.5078125
ocean,ter-000187,68,#3001a9,464.6,194.84,5120.6,350.84,"[278, 50, 641, 383]","[4934, 206, 5297, 539]",0.5078125
ocean,ter-000188,68,#3a15a0,846.25,158.4,5502.25,314.4,"[639, 0, 976, 286]","[5295, 156, 5632, 442]",0.5078125
ocean,ter-000189,68,#130973,644.56,550.15,5300.56,706.15,"[479, 415, 804, 735]","[5135, 571, 5460, 891]",0.5078125
ocean,ter-000190,68,#0b28b3,562.01,1665.47,5218.01,1821.47,"[365, 1437, 721, 1855]","[5021, 1593, 5377, 2011]",0.5078125
ocean,ter-000191,68,#39306d,807.47,1816.15,5463.47,1972.15,"[604, 1643, 976, 1956]","[5260, 1799, 5632, 2112]",0.5078125
ocean,ter-000192,68,#24116f,208.41,1706.13,4864.41,1862.13,"[93, 1511, 374, 1956]","[4749, 1667, 5030, 2112]",0.5078125
ocean,ter-000193,68,#243397,406.87,1861.82,5062.87,2017.82,"[166, 1690, 616, 1956]","[4822, 1846, 5272, 2112]",0.5078125
land,ter-000194,88,#9e8b9b,17.85,16.68,2961.85,295.68,"[0, 0, 43, 36]","[2944, 279, 2987, 315]",2.2283464566929134
land,ter-000195,89,#e785e7,43.49,16.69,3189.49,306.69,"[0, 0, 87, 40]","[3146, 290, 3233, 330]",2.2283464566929134
land,ter-000196,90,#b6cf7f,103.72,37.49,3283.72,331.49,"[73, 0, 147, 77]","[3253, 294, 3327, 371]",2.2283464566929134
land,ter-000197,90,#bdc104,61.79,40.19,3241.79,334.19,"[38, 2, 87, 74]","[3218, 296, 3267, 368]",2.2283464566929134
land,ter-000198,90,#c2bb4b,23.6,50.6,3203.6,344.6,"[0, 27, 44, 71]","[3180, 321, 3224, 365]",2.2283464566929134
land,ter-000199,91,#349670,11.02,12.59,737.02,300.59,"[0, 0, 24, 27]","[726, 288, 750, 315]",0.4
ocean,ter-000200,92,#12448a,14.91,6.27,283.91,303.27,"[0, 0, 33, 16]","[269, 297, 302, 313]",0.55
land,ter-000201,93,#cd1139,9.72,6.8,2999.72,304.8,"[0, 0, 19, 17]","[2990, 298, 3009, 315]",0.883984375
lake,ter-000202,94,#243a80,59.36,36.59,4502.36,336.59,"[0, 0, 94, 68]","[4443, 300, 4537, 368]",0.8500000000000001
land,ter-000203,96,#7fd0a2,388.73,143.1,3933.73,449.1,"[346, 87, 435, 210]","[3891, 393, 3980, 516]",1.0
land,ter-000204,96,#c9c769,445.9,93.73,3990.9,399.73,"[397, 58, 495, 130]","[3942, 364, 4040, 436]",1.0
land,ter-000205,96,#2820cf,509.97,170.38,4054.97,476.38,"[479, 142, 565, 205]","[4024, 448, 4110, 511]",1.0
land,ter-000206,96,#bc2d7c,579.09,102.82,4124.09,408.82,"[537, 65, 634, 157]","[4082, 371, 4179, 463]",1.0
land,ter-000207,96,#1fc123,450.07,166.33,3995.07,472.33,"[404, 129, 484, 202]","[3949, 435, 4029, 508]",1.0
land,ter-000208,96,#220ffe,377.22,38.6,3922.22,344.6,"[320, 0, 421, 88]","[3865, 306, 3966, 394]",1.0
land,ter-000209,96,#495879,330.33,71.82,3875.33,377.82,"[298, 10, 385, 122]","[3843, 316, 3930, 428]",1.0
land,ter-000210,96,#debba5,315.39,167.65,3860.39,473.65,"[245, 114, 374, 232]","[3790, 420, 3919, 538]",1.0
land,ter-000211,96,#dc2b20,464.55,48.1,4009.55,354.1,"[418, 17, 516, 78]","[3963, 323, 4061, 384]",1.0
land,ter-000212,96,#10ef3a,517.43,111.64,4062.43,417.64,"[475, 63, 560, 152]","[4020, 369, 4105, 458]",1.0
land,ter-000213,96,#0e0de1,198.37,122.29,3743.37,428.29,"[146, 67, 264, 187]","[3691, 373, 3809, 493]",1.0
land,ter-000214,96,#611d9a,263.23,68.59,3808.23,374.59,"[210, 12, 299, 133]","[3755, 318, 3844, 439]",1.0
land,ter-000215,96,#1ca76a,92.47,126.2,3637.47,432.2,"[0, 58, 148, 222]","[3545, 364, 3693, 528]",1.0
land,ter-000216,97,#20fed1,422.52,61.99,1828.52,369.99,"[364, 34, 475, 81]","[1770, 342, 1881, 389]",0.8500000000000001
land,ter-000217,97,#e53fd1,497.77,41.64,1903.77,349.64,"[463, 13, 538, 75]","[1869, 321, 1944, 383]",0.8500000000000001
land,ter-000218,97,#679060,299.19,93.31,1705.19,401.31,"[238, 54, 370, 150]","[1644, 362, 1776, 458]",0.8500000000000001
land,ter-000219,97,#ec4c81,180.64,131.37,1586.64,439.37,"[103, 62, 259, 205]","[1509, 370, 1665, 513]",0.8500000000000001
land,ter-000220,97,#597a40,76.98,64.52,1482.98,372.52,"[0, 0, 153, 144]","[1406, 308, 1559, 452]",0.8500000000000001
land,ter-000221,95,#ffd266,911.33,57.64,4996.33,358.64,"[880, 23, 946, 102]","[4965, 324, 5031, 403]",1.0
land,ter-000222,95,#68dd8a,878.45,115.77,4963.45,416.77,"[824, 78, 929, 163]","[4909, 379, 5014, 464]",1.0
land,ter-000223,95,#e72be2,827.74,168.41,4912.74,469.41,"[782, 110, 876, 204]","[4867, 411, 4961, 505]",1.0
land,ter-000224,95,#befef1,848.95,59.76,4933.95,360.76,"[816, 16, 883, 111]","[4901, 317, 4968, 412]",1.0
land,ter-000225,95,#92ba67,770.51,86.2,4855.51,387.2,"[722, 44, 819, 126]","[4807, 345, 4904, 427]",1.0
land,ter-000226,95,#424a45,720.53,29.86,4805.53,330.86,"[673, 0, 768, 75]","[4758, 301, 4853, 376]",1.0
land,ter-000227,95,#a84ce6,623.83,24.96,4708.83,325.96,"[576, 0, 675, 75]","[4661, 301, 4760, 376]",1.0
land,ter-000228,95,#16d664,537.91,56.5,4622.91,357.5,"[478, 10, 603, 99]","[4563, 311, 4688, 400]",1.0
land,ter-000229,95,#078dba,387.0,57.68,4472.0,358.68,"[289, 12, 480, 103]","[4374, 313, 4565, 404]",1.0
land,ter-000230,95,#d6132d,162.98,55.49,4247.98,356.49,"[0, 13, 290, 104]","[4085, 314, 4375, 405]",1.0
land,ter-000231,95,#5be621,797.15,42.68,4882.15,343.68,"[759, 5, 832, 98]","[4844, 306, 4917, 399]",1.0
land,ter-000232,98,#d797cb,24.15,7.74,3150.15,315.74,"[0, 0, 47, 14]","[3126, 308, 3173, 322]",1.4488188976377954
land,ter-000233,99,#9ba8fb,19.2,9.49,2709.2,317.49,"[0, 0, 39, 20]","[2690, 308, 2729, 328]",2.2283464566929134
ocean,ter-000234,100,#291182,11.8,3.92,245.8,315.92,"[0, 0, 25, 10]","[234, 312, 259, 322]",0.353125
ocean,ter-000235,101,#2412ad,9.03,9.8,2980.03,314.8,"[0, 0, 21, 18]","[2971, 305, 2992, 323]",0.8640625
land,ter-000236,102,#2c7fba,32.11,68.14,2942.11,378.14,"[0, 35, 74, 113]","[2910, 345, 2984, 423]",2.2283464566929134
land,ter-000237,102,#dc0457,74.03,97.54,2984.03,407.54,"[24, 63, 122, 123]","[2934, 373, 3032, 433]",2.2283464566929134
land,ter-000238,102,#c9ac70,105.37,44.21,3015.37,354.21,"[73, 11, 141, 77]","[2983, 321, 3051, 387]",2.2283464566929134
land,ter-000239,102,#c37001,54.59,28.82,2964.59,338.82,"[15, 0, 86, 57]","[2925, 310, 2996, 367]",2.2283464566929134
land,ter-000240,103,#580266,36.91,30.53,3074.91,345.53,"[0, 0, 77, 72]","[3038, 315, 3115, 387]",2.2283464566929134
land,ter-000241,103,#64d944,114.33,23.48,3152.33,338.48,"[76, 5, 153, 47]","[3114, 320, 3191, 362]",2.2283464566929134
land,ter-000242,103,#f6bb48,123.81,63.55,3161.81,378.55,"[97, 39, 155, 91]","[3135, 354, 3193, 406]",2.2283464566929134
land,ter-000243,103,#5f6890,75.13,56.41,3113.13,371.41,"[36, 18, 102, 88]","[3074, 333, 3140, 403]",2.2283464566929134
land,ter-000244,104,#aec7a7,32.8,26.07,2687.8,342.07,"[0, 0, 67, 51]","[2655, 316, 2722, 367]",2.2283464566929134
lake,ter-000245,105,#1b097a,17.24,16.76,1280.24,344.76,"[0, 0, 38, 36]","[1263, 328, 1301, 364]",0.8500000000000001
ocean,ter-000246,106,#284faf,16.06,53.68,5050.06,384.68,"[0, 0, 41, 123]","[5034, 331, 5075, 454]",1.0
land,ter-000247,108,#d23a64,26.42,18.58,2904.42,353.58,"[0, 0, 51, 44]","[2878, 335, 2929, 379]",2.2283464566929134
land,ter-000248,109,#92dc36,149.16,76.41,3312.16,430.41,"[96, 51, 200, 111]","[3259, 405, 3363, 465]",2.2283464566929134
land,ter-000249,109,#5ff146,151.92,26.33,3314.92,380.33,"[116, 0, 190, 51]","[3279, 354, 3353, 405]",2.2283464566929134
land,ter-000250,109,#f45cc7,83.5,33.78,3246.5,387.78,"[36, 6, 119, 69]","[3199, 360, 3282, 423]",2.2283464566929134
land,ter-000251,109,#e85fc1,241.0,62.55,3404.0,416.55,"[199, 31, 281, 97]","[3362, 385, 3444, 451]",2.2283464566929134
land,ter-000252,109,#b9ca08,35.22,46.59,3198.22,400.59,"[0, 7, 71, 72]","[3163, 361, 3234, 426]",2.2283464566929134
land,ter-000253,109,#d6600c,201.55,47.42,3364.55,401.42,"[176, 8, 239, 88]","[3339, 362, 3402, 442]",2.2283464566929134
land,ter-000254,107,#1e6ab7,533.61,220.93,4502.61,555.93,"[471, 167, 609, 284]","[4440, 502, 4578, 619]",0.5078125
land,ter-000255,107,#9ca323,467.17,328.11,4436.17,663.11,"[405, 260, 522, 395]","[4374, 595, 4491, 730]",0.5078125
land,ter-000256,107,#f9214d,414.4,234.32,4383.4,569.32,"[343, 171, 481, 307]","[4312, 506, 4450, 642]",0.5078125
land,ter-000257,107,#6d2c46,342.65,335.93,4311.65,670.93,"[279, 262, 409, 404]","[4248, 597, 4378, 739]",0.5078125
land,ter-000258,107,#086540,438.26,431.65,4407.26,766.65,"[375, 365, 504, 506]","[4344, 700, 4473, 841]",0.5078125
land,ter-000259,107,#54c890,224.62,348.8,4193.62,683.8,"[159, 282, 287, 408]","[4128, 617, 4256, 743]",0.5078125
land,ter-000260,107,#d794e7,315.89,184.23,4284.89,519.23,"[250, 131, 388, 252]","[4219, 466, 4357, 587]",0.5078125
land,ter-000261,107,#11c74a,268.51,252.1,4237.51,587.1,"[212, 185, 343, 315]","[4181, 520, 4312, 650]",0.5078125
land,ter-000262,107,#eeb83a,643.61,185.86,4612.61,520.86,"[578, 84, 713, 251]","[4547, 419, 4682, 586]",0.5078125
land,ter-000263,107,#b936f1,736.88,132.78,4705.88,467.78,"[658, 8, 814, 228]","[4627, 343, 4783, 563]",0.5078125
land,ter-000264,107,#e4c0e0,127.65,318.55,4096.65,653.55,"[70, 264, 183, 382]","[4039, 599, 4152, 717]",0.5078125
land,ter-000265,107,#5573e4,72.61,227.66,4041.61,562.66,"[0, 133, 127, 288]","[3969, 468, 4096, 623]",0.5078125
land,ter-000266,107,#5a4359,200.49,137.38,4169.49,472.38,"[105, 69, 273, 202]","[4074, 404, 4242, 537]",0.5078125
land,ter-000267,107,#fc38ce,833.34,97.13,4802.34,432.13,"[735, 0, 957, 200]","[4704, 335, 4926, 535]",0.5078125
land,ter-000268,107,#f75d99,167.22,232.9,4136.22,567.9,"[115, 167, 222, 297]","[4084, 502, 4191, 632]",0.5078125
land,ter-000269,110,#b29394,410.44,73.35,4601.44,431.35,"[352, 29, 503, 135]","[4543, 387, 4694, 493]",1.0
land,ter-000270,110,#4ed89b,314.15,92.61,4505.15,450.61,"[264, 26, 369, 157]","[4455, 384, 4560, 515]",1.0
land,ter-000271,110,#78a929,238.72,113.67,4429.72,471.67,"[191, 57, 285, 164]","[4382, 415, 4476, 522]",1.0
land,ter-000272,110,#82c29c,210.13,40.14,4401.13,398.14,"[157, 0, 280, 85]","[4348, 358, 4471, 443]",1.0
land,ter-000273,110,#fc7fc7,137.9,69.38,4328.9,427.38,"[98, 31, 190, 114]","[4289, 389, 4381, 472]",1.0
land,ter-000274,110,#7c6924,65.78,62.43,4256.78,420.43,"[0, 20, 108, 116]","[4191, 378, 4299, 474]",1.0
land,ter-000275,110,#dca8b8,159.95,120.13,4350.95,478.13,"[98, 84, 203, 149]","[4289, 442, 4394, 507]",1.0
land,ter-000276,111,#f2cf7e,46.07,39.83,1933.07,407.83,"[0, 0, 91, 64]","[1887, 368, 1978, 432]",1.0
land,ter-000277,112,#9cf5e1,32.24,13.01,2888.24,380.01,"[0, 0, 60, 31]","[2856, 367, 2916, 398]",2.2283464566929134
land,ter-000278,113,#9bf235,88.54,103.03,2830.54,477.03,"[48, 67, 122, 136]","[2790, 441, 2864, 510]",2.2283464566929134
land,ter-000279,113,#b12a8c,150.46,96.54,2892.46,470.54,"[118, 66, 193, 130]","[2860, 440, 2935, 504]",2.2283464566929134
land,ter-000280,113,#ca1a43,162.82,46.37,2904.82,420.37,"[133, 16, 201, 79]","[2875, 390, 2943, 453]",2.2283464566929134
land,ter-000281,113,#e414af,113.72,35.84,2855.72,409.84,"[82, 0, 144, 75]","[2824, 374, 2886, 449]",2.2283464566929134
land,ter-000282,113,#29eeaa,68.08,51.73,2810.08,425.73,"[44, 19, 97, 85]","[2786, 393, 2839, 459]",2.2283464566929134
land,ter-000283,113,#5126d4,27.06,45.61,2769.06,419.61,"[0, 22, 49, 69]","[2742, 396, 2791, 443]",2.2283464566929134
land,ter-000284,114,#467962,47.2,19.35,3055.2,394.35,"[0, 0, 102, 38]","[3008, 375, 3110, 413]",2.2283464566929134
land,ter-000285,115,#dc4697,37.42,18.68,852.42,396.68,"[0, 0, 75, 40]","[815, 378, 890, 418]",1.0
land,ter-000286,116,#295975,16.91,5.68,1830.91,398.68,"[0, 0, 36, 12]","[1814, 393, 1850, 405]",0.8500000000000001
land,ter-000287,117,#a5bc34,40.4,13.46,3120.4,410.46,"[0, 0, 88, 29]","[3080, 397, 3168, 426]",2.2283464566929134
land,ter-000288,119,#685019,111.93,43.01,1764.93,445.01,"[0, 0, 203, 90]","[1653, 402, 1856, 492]",1.0
land,ter-000289,118,#3e6a0c,123.82,52.22,1063.82,453.22,"[75, 6, 171, 114]","[1015, 407, 1111, 515]",0.765625
land,ter-000290,118,#78ed6b,45.51,59.31,985.51,460.31,"[0, 5, 99, 117]","[940, 406, 1039, 518]",0.765625
land,ter-000291,118,#c7981a,156.68,161.04,1096.68,562.04,"[107, 106, 214, 218]","[1047, 507, 1154, 619]",0.765625
land,ter-000292,118,#4137a1,301.08,55.65,1241.08,456.65,"[247, 6, 353, 121]","[1187, 407, 1293, 522]",0.765625
land,ter-000293,118,#c796d9,116.23,233.41,1056.23,634.41,"[65, 181, 165, 282]","[1005, 582, 1105, 683]",0.765625
land,ter-000294,118,#a82ba6,217.17,242.76,1157.17,643.76,"[158, 183, 275, 312]","[1098, 584, 1215, 713]",0.765625
land,ter-000295,118,#17168a,320.24,295.32,1260.24,696.32,"[246, 249, 376, 367]","[1186, 650, 1316, 768]",0.765625
land,ter-000296,118,#3a6889,267.22,147.51,1207.22,548.51,"[210, 94, 340, 207]","[1150, 495, 1280, 608]",0.765625
land,ter-000297,118,#5181f3,66.16,148.38,1006.16,549.38,"[5, 105, 114, 207]","[945, 506, 1054, 608]",0.765625
land,ter-000298,118,#c9dd1f,388.7,67.1,1328.7,468.1,"[335, 0, 455, 130]","[1275, 401, 1395, 531]",0.765625
land,ter-000299,118,#c443dd,390.5,178.34,1330.5,579.34,"[340, 128, 443, 246]","[1280, 529, 1383, 647]",0.765625
land,ter-000300,118,#087a75,211.48,32.78,1151.48,433.78,"[160, 6, 264, 68]","[1100, 407, 1204, 469]",0.765625
land,ter-000301,118,#f2a975,468.29,204.23,1408.29,605.23,"[422, 153, 512, 265]","[1362, 554, 1452, 666]",0.765625
land,ter-000302,118,#11da66,201.13,97.83,1141.13,498.83,"[143, 59, 257, 150]","[1083, 460, 1197, 551]",0.765625
land,ter-000303,118,#6c772d,472.97,95.83,1412.97,496.83,"[418, 19, 560, 157]","[1358, 420, 1500, 558]",0.765625
land,ter-000304,118,#f85546,420.87,275.46,1360.87,676.46,"[365, 228, 484, 323]","[1305, 629, 1424, 724]",0.765625
land,ter-000305,118,#7ea1ad,315.57,205.83,1255.57,606.83,"[258, 132, 366, 251]","[1198, 533, 1306, 652]",0.765625
land,ter-000306,120,#2c38fd,47.73,28.43,911.73,435.43,"[0, 0, 85, 75]","[864, 407, 949, 482]",1.7322834645669292
land,ter-000307,120,#c355f0,40.21,77.6,904.21,484.6,"[2, 36, 91, 105]","[866, 443, 955, 512]",1.7322834645669292
land,ter-000308,120,#6f3cf6,31.56,134.57,895.56,541.57,"[4, 103, 60, 188]","[868, 510, 924, 595]",1.7322834645669292
land,ter-000309,120,#c2fdbf,105.25,212.4,969.25,619.4,"[45, 168, 154, 257]","[909, 575, 1018, 664]",1.7322834645669292
land,ter-000310,120,#483175,71.28,148.69,935.28,555.69,"[42, 88, 108, 199]","[906, 495, 972, 606]",1.7322834645669292
land,ter-000311,121,#bdf380,71.62,20.84,3036.62,427.84,"[0, 0, 119, 40]","[2965, 407, 3084, 447]",2.2283464566929134
lake,ter-000312,122,#11468e,66.12,20.68,1441.12,428.68,"[0, 0, 118, 38]","[1375, 408, 1493, 446]",1.0
land,ter-000313,123,#09c071,48.5,21.55,3119.5,434.55,"[0, 0, 103, 44]","[3071, 413, 3174, 457]",2.2283464566929134
land,ter-000314,124,#9b19b5,24.33,19.17,3261.33,434.17,"[0, 0, 48, 47]","[3237, 415, 3285, 462]",2.2283464566929134
land,ter-000315,125,#f1cc80,45.4,34.85,3180.4,451.85,"[0, 4, 83, 71]","[3135, 421, 3218, 488]",2.2283464566929134
land,ter-000316,125,#436c1b,99.4,41.22,3234.4,458.22,"[64, 0, 146, 73]","[3199, 417, 3281, 490]",2.2283464566929134
land,ter-000317,126,#77db22,11.0,10.79,1980.0,432.79,"[0, 0, 23, 21]","[1969, 422, 1992, 443]",0.8500000000000001
land,ter-000318,127,#5a518d,32.43,14.14,2944.43,440.14,"[0, 0, 67, 29]","[2912, 426, 2979, 455]",2.2283464566929134
land,ter-000319,128,#ebf846,263.58,73.29,1681.58,504.29,"[233, 38, 293, 105]","[1651, 469, 1711, 536]",1.7322834645669292
land,ter-000320,128,#5f5feb,152.89,100.83,1570.89,531.83,"[109, 63, 194, 134]","[1527, 494, 1612, 565]",1.7322834645669292
land,ter-000321,128,#cdbaac,107.57,185.91,1525.57,616.91,"[66, 134, 143, 230]","[1484, 565, 1561, 661]",1.7322834645669292
land,ter-000322,128,#98205e,221.81,64.72,1639.81,495.72,"[183, 36, 257, 96]","[1601, 467, 1675, 527]",1.7322834645669292
land,ter-000323,128,#77a6a4,208.13,115.75,1626.13,546.75,"[179, 86, 240, 152]","[1597, 517, 1658, 583]",1.7322834645669292
land,ter-000324,128,#2ec3e4,311.46,31.71,1729.46,462.71,"[269, 0, 349, 65]","[1687, 431, 1767, 496]",1.7322834645669292
land,ter-000325,128,#d9110d,45.05,223.86,1463.05,654.86,"[0, 166, 94, 270]","[1418, 597, 1512, 701]",1.7322834645669292
land,ter-000326,128,#91405a,67.76,135.77,1485.76,566.77,"[18, 100, 121, 180]","[1436, 531, 1539, 611]",1.7322834645669292
land,ter-000327,128,#6b0a39,73.18,69.16,1491.18,500.16,"[38, 24, 113, 104]","[1456, 455, 1531, 535]",1.7322834645669292
land,ter-000328,128,#feee0a,166.51,153.7,1584.51,584.7,"[122, 125, 211, 181]","[1540, 556, 1629, 612]",1.7322834645669292
land,ter-000329,128,#34fbbd,109.45,280.05,1527.45,711.05,"[58, 230, 145, 349]","[1476, 661, 1563, 780]",1.7322834645669292
land,ter-000330,128,#d20cbb,160.69,199.7,1578.69,630.7,"[125, 176, 212, 237]","[1543, 607, 1630, 668]",1.7322834645669292
ocean,ter-000331,129,#080aae,30.64,16.25,3391.64,450.25,"[0, 0, 66, 31]","[3361, 434, 3427, 465]",1.0
ocean,ter-000332,130,#2d0cb2,60.97,82.86,3608.97,518.86,"[0, 0, 114, 165]","[3548, 436, 3662, 601]",2.1811023622047245
land,ter-000333,131,#feafc0,133.9,95.56,3054.9,532.56,"[88, 58, 185, 143]","[3009, 495, 3106, 580]",2.2283464566929134
land,ter-000334,131,#fffd14,61.07,34.82,2982.07,471.82,"[0, 0, 110, 83]","[2921, 437, 3031, 520]",2.2283464566929134
ocean,ter-000335,132,#2e0f7f,8.76,11.62,1861.76,449.62,"[0, 0, 18, 24]","[1853, 438, 1871, 462]",0.48320312499999996
land,ter-000336,133,#09b56f,19.77,12.58,3046.77,451.58,"[0, 0, 46, 27]","[3027, 439, 3073, 466]",2.195275590551181
lake,ter-000337,134,#1f0884,12.25,10.12,3979.25,451.12,"[0, 0, 31, 25]","[3967, 441, 3998, 466]",0.7
ocean,ter-000338,135,#283d7b,102.78,53.1,3350.78,496.1,"[0, 0, 222, 90]","[3248, 443, 3470, 533]",2.1811023622047245
land,ter-000339,136,#58127e,32.16,22.4,3073.16,466.4,"[0, 0, 75, 53]","[3041, 444, 3116, 497]",1.3826771653543304
land,ter-000340,137,#b0b653,8.16,6.03,3808.16,453.03,"[0, 0, 18, 13]","[3800, 447, 3818, 460]",1.0
land,ter-000341,138,#94dafc,26.49,13.49,3353.49,463.49,"[0, 0, 61, 28]","[3327, 450, 3388, 478]",2.2283464566929134
land,ter-000342,139,#caafd5,29.87,29.49,3140.87,480.49,"[0, 0, 64, 60]","[3111, 451, 3175, 511]",2.2283464566929134
lake,ter-000343,140,#192c69,16.99,31.77,1456.99,483.77,"[0, 0, 47, 70]","[1440, 452, 1487, 522]",1.0
lake,ter-000344,141,#372e76,29.31,20.45,1521.31,471.45,"[0, 0, 52, 49]","[1492, 451, 1544, 500]",1.0
lake,ter-000345,142,#13428b,14.95,10.86,1548.95,463.86,"[0, 0, 31, 24]","[1534, 453, 1565, 477]",1.0
ocean,ter-000346,143,#121183,547.54,177.14,3277.54,634.14,"[462, 77, 653, 234]","[3192, 534, 3383, 691]",2.1811023622047245
ocean,ter-000347,143,#0307af,388.93,154.18,3118.93,611.18,"[295, 45, 486, 243]","[3025, 502, 3216, 700]",2.1811023622047245
ocean,ter-000348,143,#09329e,266.88,96.79,2996.88,553.79,"[189, 0, 361, 203]","[2919, 457, 3091, 660]",2.1811023622047245
ocean,ter-000349,143,#184f7f,124.86,106.61,2854.86,563.61,"[0, 35, 196, 168]","[2730, 492, 2926, 625]",2.1811023622047245
land,ter-000350,144,#bad6ec,163.11,78.84,3856.11,539.84,"[105, 28, 264, 130]","[3798, 489, 3957, 591]",1.0
land,ter-000351,144,#b5aeed,57.61,37.07,3750.61,498.07,"[0, 0, 128, 88]","[3693, 461, 3821, 549]",1.0
land,ter-000352,145,#607307,42.89,32.84,5047.89,493.84,"[0, 0, 87, 64]","[5005, 461, 5092, 525]",1.0
land,ter-000353,146,#006d09,30.6,16.87,3093.6,481.87,"[0, 0, 57, 42]","[3063, 465, 3120, 507]",2.2283464566929134
land,ter-000354,147,#e9b256,44.4,22.23,3210.4,503.23,"[0, 0, 98, 47]","[3166, 481, 3264, 528]",2.2283464566929134
lake,ter-000355,148,#212f85,29.73,8.3,1597.73,489.3,"[0, 0, 55, 16]","[1568, 481, 1623, 497]",0.8500000000000001
land,ter-000356,149,#7b8b62,38.2,20.82,2709.2,509.82,"[0, 0, 68, 58]","[2671, 489, 2739, 547]",2.2283464566929134
land,ter-000357,149,#1cf89a,86.73,31.93,2757.73,520.93,"[56, 3, 116, 65]","[2727, 492, 2787, 554]",2.2283464566929134
land,ter-000358,149,#543dde,145.8,31.76,2816.8,520.76,"[115, 6, 196, 64]","[2786, 495, 2867, 553]",2.2283464566929134
land,ter-000359,149,#b9ec1f,58.46,85.23,2729.46,574.23,"[28, 52, 91, 121]","[2699, 541, 2762, 610]",2.2283464566929134
land,ter-000360,149,#a1d2b9,111.21,77.99,2782.21,566.99,"[83, 46, 148, 110]","[2754, 535, 2819, 599]",2.2283464566929134
land,ter-000361,150,#154385,53.87,21.83,3496.87,512.83,"[0, 0, 104, 39]","[3443, 491, 3547, 530]",1.0
land,ter-000362,151,#d79e70,11.62,10.88,3116.62,502.88,"[0, 0, 27, 24]","[3105, 492, 3132, 516]",2.2283464566929134
land,ter-000363,152,#ae4f9f,12.28,9.59,3142.28,506.59,"[0, 0, 26, 21]","[3130, 497, 3156, 518]",2.2283464566929134
land,ter-000364,153,#243027,68.72,26.1,3984.72,523.1,"[0, 0, 157, 62]","[3916, 497, 4073, 559]",1.0
land,ter-000365,154,#5825a0,44.2,43.44,4807.2,544.44,"[0, 0, 99, 83]","[4763, 501, 4862, 584]",1.0
lake,ter-000366,155,#0247a6,27.54,10.68,1544.54,512.68,"[0, 0, 62, 23]","[1517, 502, 1579, 525]",1.0
land,ter-000367,156,#b7aa11,7.02,9.35,2958.02,513.35,"[0, 0, 15, 21]","[2951, 504, 2966, 525]",2.2283464566929134
land,ter-000368,157,#86aa2b,64.06,42.9,3706.06,546.9,"[0, 0, 121, 85]","[3642, 504, 3763, 589]",1.0
land,ter-000369,157,#63df73,148.87,72.42,3790.87,576.42,"[100, 23, 217, 118]","[3742, 527, 3859, 622]",1.0
land,ter-000370,158,#d486ad,11.51,22.21,3129.51,529.21,"[0, 0, 27, 48]","[3118, 507, 3145, 555]",2.2283464566929134
land,ter-000371,159,#ea65f7,17.89,10.65,3154.89,521.65,"[0, 0, 39, 23]","[3137, 511, 3176, 534]",2.2283464566929134
land,ter-000372,160,#6f1732,22.6,37.58,2690.6,551.58,"[0, 0, 50, 80]","[2668, 514, 2718, 594]",2.2283464566929134
ocean,ter-000373,161,#30286c,13.91,12.22,3654.91,525.22,"[0, 0, 33, 25]","[3641, 513, 3674, 538]",2.1811023622047245
land,ter-000374,162,#614562,19.99,11.63,3243.99,526.63,"[0, 0, 48, 25]","[3224, 515, 3272, 540]",2.2283464566929134
land,ter-000375,163,#8442e9,136.61,45.95,3361.61,560.95,"[92, 0, 184, 97]","[3317, 515, 3409, 612]",1.0
land,ter-000376,163,#6dc19c,232.41,46.7,3457.41,561.7,"[183, 8, 292, 85]","[3408, 523, 3517, 600]",1.0
land,ter-000377,163,#d67688,54.53,50.58,3279.53,565.58,"[0, 8, 98, 93]","[3225, 523, 3323, 608]",1.0
land,ter-000378,164,#1cc46c,39.67,23.25,3561.67,541.25,"[0, 0, 76, 54]","[3522, 518, 3598, 572]",1.0
land,ter-000379,165,#c54ca0,39.03,28.98,3170.03,548.98,"[0, 0, 102, 62]","[3131, 520, 3233, 582]",2.0015748031496066
land,ter-000380,166,#aab86a,13.0,18.19,2957.0,545.19,"[0, 0, 25, 37]","[2944, 527, 2969, 564]",2.2283464566929134
land,ter-000381,167,#7b33d5,21.92,15.37,3519.92,543.37,"[0, 0, 47, 37]","[3498, 528, 3545, 565]",1.0
land,ter-000382,168,#10c562,108.48,71.51,4974.48,600.51,"[0, 0, 174, 120]","[4866, 529, 5040, 649]",1.0
ocean,ter-000383,169,#074b83,17.24,5.8,3257.24,535.8,"[0, 0, 36, 12]","[3240, 530, 3276, 542]",0.7
land,ter-000384,170,#979414,11.14,8.47,3911.14,539.47,"[0, 0, 23, 17]","[3900, 531, 3923, 548]",0.72578125
land,ter-000385,171,#f45858,57.98,28.03,3928.98,572.03,"[0, 0, 121, 55]","[3871, 544, 3992, 599]",0.7
land,ter-000386,172,#c7509d,9.54,5.29,3910.54,549.29,"[0, 0, 20, 11]","[3901, 544, 3921, 555]",0.7
land,ter-000387,173,#d342a9,228.0,109.35,3735.0,660.35,"[174, 49, 277, 156]","[3681, 600, 3784, 707]",1.0
land,ter-000388,173,#59aa38,215.56,182.25,3722.56,733.25,"[128, 135, 300, 230]","[3635, 686, 3807, 781]",1.0
land,ter-000389,173,#fd6814,126.94,115.37,3633.94,666.37,"[88, 47, 174, 189]","[3595, 598, 3681, 740]",1.0
land,ter-000390,173,#a05557,46.68,37.38,3553.68,588.38,"[0, 0, 107, 77]","[3507, 551, 3614, 628]",1.0
land,ter-000391,173,#05d981,191.24,58.52,3698.24,609.52,"[132, 24, 260, 107]","[3639, 575, 3767, 658]",1.0
land,ter-000392,173,#0e1593,64.79,100.32,3571.79,651.32,"[21, 59, 95, 154]","[3528, 610, 3602, 705]",1.0
land,ter-000393,174,#151829,117.45,141.21,4572.45,707.21,"[78, 89, 168, 194]","[4533, 655, 4623, 760]",1.0
land,ter-000394,174,#e5d60d,173.36,97.1,4628.36,663.1,"[128, 51, 226, 150]","[4583, 617, 4681, 716]",1.0
land,ter-000395,174,#2e3662,231.33,134.9,4686.33,700.9,"[184, 74, 272, 196]","[4639, 640, 4727, 762]",1.0
land,ter-000396,174,#afdb79,95.87,53.16,4550.87,619.16,"[29, 9, 149, 98]","[4484, 575, 4604, 664]",1.0
land,ter-000397,174,#e80080,169.7,204.48,4624.7,770.48,"[115, 149, 235, 263]","[4570, 715, 4690, 829]",1.0
land,ter-000398,174,#515893,66.66,225.16,4521.66,791.16,"[0, 173, 130, 290]","[4455, 739, 4585, 856]",1.0
land,ter-000399,174,#783923,52.97,129.67,4507.97,695.67,"[12, 64, 91, 182]","[4467, 630, 4546, 748]",1.0
land,ter-000400,174,#3b40f7,201.14,37.08,4656.14,603.08,"[144, 0, 281, 81]","[4599, 566, 4736, 647]",1.0
land,ter-000401,175,#473add,24.49,32.66,4817.49,602.66,"[0, 0, 51, 66]","[4793, 570, 4844, 636]",1.0
land,ter-000402,176,#f54e44,75.25,55.04,3839.25,627.04,"[9, 14, 114, 102]","[3773, 586, 3878, 674]",1.0
land,ter-000403,176,#128095,47.12,102.91,3811.12,674.91,"[0, 54, 116, 141]","[3764, 626, 3880, 713]",1.0
land,ter-000404,176,#0828dc,137.91,49.72,3901.91,621.72,"[105, 0, 179, 107]","[3869, 572, 3943, 679]",1.0
land,ter-000405,177,#ac5c2d,7.59,12.76,1622.59,581.76,"[0, 0, 16, 27]","[1615, 569, 1631, 596]",0.7
land,ter-000406,178,#2a9581,17.49,11.88,3164.49,584.88,"[0, 0, 35, 28]","[3147, 573, 3182, 601]",2.2283464566929134
land,ter-000407,179,#edfa56,27.11,9.54,3037.11,584.54,"[0, 0, 49, 24]","[3010, 575, 3059, 599]",2.2283464566929134
land,ter-000408,180,#d908b0,14.78,4.8,3967.78,591.8,"[0, 0, 31, 10]","[3953, 587, 3984, 597]",0.895703125
land,ter-000409,181,#70d408,31.13,49.89,2965.13,638.89,"[0, 0, 63, 111]","[2934, 589, 2997, 700]",1.0
land,ter-000410,182,#d1f2c1,60.38,47.59,3483.38,636.59,"[0, 0, 116, 98]","[3423, 589, 3539, 687]",1.0
land,ter-000411,182,#7b6639,103.3,95.48,3526.3,684.48,"[53, 53, 151, 130]","[3476, 642, 3574, 719]",1.0
land,ter-000412,183,#186d6d,42.44,34.7,3418.44,624.7,"[0, 0, 104, 78]","[3376, 590, 3480, 668]",1.0
land,ter-000413,184,#fbc664,108.22,116.56,2787.22,709.56,"[60, 73, 156, 159]","[2739, 666, 2835, 752]",1.0
land,ter-000414,184,#87da4f,119.97,188.97,2798.97,781.97,"[67, 148, 168, 239]","[2746, 741, 2847, 832]",1.0
land,ter-000415,184,#b35eb4,159.68,52.41,2838.68,645.41,"[105, 3, 201, 106]","[2784, 596, 2880, 699]",1.0
land,ter-000416,184,#29ea0d,232.93,52.06,2911.93,645.06,"[198, 0, 281, 105]","[2877, 593, 2960, 698]",1.0
land,ter-000417,184,#428937,185.63,146.39,2864.63,739.39,"[140, 96, 226, 196]","[2819, 689, 2905, 789]",1.0
land,ter-000418,184,#b8d3cd,194.11,235.84,2873.11,828.84,"[139, 191, 243, 284]","[2818, 784, 2922, 877]",1.0
land,ter-000419,184,#a2c361,264.28,210.21,2943.28,803.21,"[218, 174, 324, 262]","[2897, 767, 3003, 855]",1.0
land,ter-000420,184,#d9ee15,255.21,135.9,2934.21,728.9,"[217, 89, 293, 180]","[2896, 682, 2972, 773]",1.0
land,ter-000421,184,#f37d05,43.69,147.9,2722.69,740.9,"[0, 109, 84, 192]","[2679, 702, 2763, 785]",1.0
land,ter-000422,185,#765d73,145.33,113.85,3917.33,704.85,"[90, 63, 205, 203]","[3862, 654, 3977, 794]",1.0
land,ter-000423,185,#daf01e,76.69,157.25,3848.69,748.25,"[0, 94, 151, 210]","[3772, 685, 3923, 801]",1.0
land,ter-000424,185,#d44748,192.31,44.62,3964.31,635.62,"[139, 0, 251, 102]","[3911, 591, 4023, 693]",1.0
land,ter-000425,186,#aeefdf,173.47,57.03,2724.47,668.03,"[107, 0, 248, 122]","[2658, 611, 2799, 733]",1.0
land,ter-000426,186,#7adb8e,60.99,162.46,2611.99,773.46,"[0, 100, 129, 228]","[2551, 711, 2680, 839]",1.0
land,ter-000427,187,#da2273,11.12,3.18,3208.12,622.18,"[0, 0, 23, 8]","[3197, 619, 3220, 627]",1.7511811023622048
land,ter-000428,188,#5cdc9b,12.77,5.8,3334.77,624.8,"[0, 0, 27, 13]","[3322, 619, 3349, 632]",1.132283464566929
land,ter-000429,189,#1bfdc6,134.0,190.53,4021.0,808.53,"[87, 144, 184, 237]","[3974, 762, 4071, 855]",1.0
land,ter-000430,189,#17ee36,96.15,114.33,3983.15,732.33,"[40, 67, 133, 158]","[3927, 685, 4020, 776]",1.0
land,ter-000431,189,#7aee18,51.73,179.19,3938.73,797.19,"[0, 117, 96, 231]","[3887, 735, 3983, 849]",1.0
land,ter-000432,189,#4dc26c,110.66,270.01,3997.66,888.01,"[67, 219, 157, 326]","[3954, 837, 4044, 944]",1.0
land,ter-000433,189,#223ff7,129.98,41.73,4016.98,659.73,"[85, 0, 175, 84]","[3972, 618, 4062, 702]",1.0
land,ter-000434,189,#2f0f31,224.01,173.45,4111.01,791.45,"[178, 122, 270, 231]","[4065, 740, 4157, 849]",1.0
land,ter-000435,189,#04fc53,165.87,117.26,4052.87,735.26,"[128, 68, 219, 166]","[4015, 686, 4106, 784]",1.0
land,ter-000436,189,#b94c44,196.78,257.71,4083.78,875.71,"[150, 206, 261, 315]","[4037, 824, 4148, 933]",1.0
land,ter-000437,189,#573597,283.23,191.58,4170.23,809.58,"[246, 136, 324, 252]","[4133, 754, 4211, 870]",1.0
land,ter-000438,189,#ff5d4e,143.92,357.55,4030.92,975.55,"[93, 302, 187, 429]","[3980, 920, 4074, 1047]",1.0
land,ter-000439,190,#cbcc17,10.39,10.9,3377.39,641.9,"[0, 0, 22, 25]","[3367, 631, 3389, 656]",1.0
land,ter-000440,191,#fb4b92,18.03,11.57,4906.03,644.57,"[0, 0, 37, 28]","[4888, 633, 4925, 661]",0.7890625
ocean,ter-000441,192,#0c087b,13.95,5.64,4880.95,644.64,"[0, 0, 27, 14]","[4867, 639, 4894, 653]",0.58515625
land,ter-000442,193,#c0a086,17.68,20.12,4864.68,662.12,"[0, 0, 36, 44]","[4847, 642, 4883, 686]",0.8500000000000001
land,ter-000443,194,#932aae,28.22,31.75,3391.22,683.75,"[0, 0, 67, 65]","[3363, 652, 3430, 717]",1.0
land,ter-000444,195,#1d60c2,6.86,6.8,3369.86,658.8,"[0, 0, 15, 14]","[3363, 652, 3378, 666]",0.579296875
land,ter-000445,196,#089c15,164.31,101.93,3126.31,756.93,"[116, 50, 230, 162]","[3078, 705, 3192, 817]",1.0
land,ter-000446,196,#0cee12,210.7,158.5,3172.7,813.5,"[151, 98, 246, 212]","[3113, 753, 3208, 867]",1.0
land,ter-000447,196,#68c5f1,200.7,49.05,3162.7,704.05,"[127, 3, 248, 100]","[3089, 658, 3210, 755]",1.0
land,ter-000448,196,#e44fd0,105.49,128.87,3067.49,783.87,"[47, 69, 154, 174]","[3009, 724, 3116, 829]",1.0
land,ter-000449,196,#f5f60f,49.02,95.45,3011.02,750.45,"[2, 58, 116, 151]","[2964, 713, 3078, 806]",1.0
land,ter-000450,196,#099fee,64.67,36.99,3026.67,691.99,"[0, 0, 129, 66]","[2962, 655, 3091, 721]",1.0
land,ter-000451,197,#2f52cc,315.86,236.39,1297.86,898.39,"[218, 197, 419, 282]","[1200, 859, 1401, 944]",1.0
land,ter-000452,197,#bacffa,230.14,133.48,1212.14,795.48,"[156, 45, 312, 226]","[1138, 707, 1294, 888]",1.0
land,ter-000453,197,#71a577,158.53,68.93,1140.53,730.93,"[109, 14, 236, 153]","[1091, 676, 1218, 815]",1.0
land,ter-000454,197,#05155e,85.74,65.2,1067.74,727.2,"[36, 15, 122, 146]","[1018, 677, 1104, 808]",1.0
land,ter-000455,197,#38a955,363.03,194.38,1345.03,856.38,"[250, 107, 475, 241]","[1232, 769, 1457, 903]",1.0
land,ter-000456,197,#d3eb2d,32.52,21.07,1014.52,683.07,"[0, 0, 76, 58]","[982, 662, 1058, 720]",1.0
land,ter-000457,198,#90b978,4.57,8.68,3367.57,672.68,"[0, 0, 10, 19]","[3363, 664, 3373, 683]",0.7
land,ter-000458,199,#e973d6,8.28,20.22,3361.28,688.22,"[0, 0, 18, 42]","[3353, 668, 3371, 710]",1.0
land,ter-000459,200,#7cef8d,279.51,176.14,3636.51,845.14,"[230, 133, 330, 212]","[3587, 802, 3687, 881]",1.0
land,ter-000460,200,#f8467d,221.08,134.86,3578.08,803.86,"[172, 73, 271, 195]","[3529, 742, 3628, 864]",1.0
land,ter-000461,200,#ba060a,122.03,158.37,3479.03,827.37,"[70, 108, 176, 220]","[3427, 777, 3533, 889]",1.0
land,ter-000462,200,#21df7a,173.32,202.68,3530.32,871.68,"[110, 152, 234, 247]","[3467, 821, 3591, 916]",1.0
land,ter-000463,200,#c13858,162.59,78.74,3519.59,747.74,"[112, 26, 227, 130]","[3469, 695, 3584, 799]",1.0
land,ter-000464,200,#98ee13,76.64,103.26,3433.64,772.26,"[20, 69, 124, 157]","[3377, 738, 3481, 826]",1.0
land,ter-000465,200,#b9c1b1,69.09,43.16,3426.09,712.16,"[0, 0, 128, 80]","[3357, 669, 3485, 749]",1.0
land,ter-000466,201,#bca68e,47.32,114.44,3250.32,793.44,"[5, 79, 91, 150]","[3208, 758, 3294, 829]",1.0
land,ter-000467,201,#790fb2,43.13,41.9,3246.13,720.9,"[0, 0, 88, 81]","[3203, 679, 3291, 760]",1.0
land,ter-000468,201,#c4cc84,128.76,117.62,3331.76,796.62,"[90, 77, 189, 153]","[3293, 756, 3392, 832]",1.0
land,ter-000469,201,#ca2c74,117.18,39.97,3320.18,718.97,"[84, 1, 160, 83]","[3287, 680, 3363, 762]",1.0
land,ter-000470,203,#2f6fae,59.78,32.83,4129.78,730.83,"[0, 0, 127, 63]","[4070, 698, 4197, 761]",1.0
ocean,ter-000471,202,#1c3da7,250.98,209.56,1534.98,905.56,"[139, 156, 366, 315]","[1423, 852, 1650, 1011]",2.1811023622047245
ocean,ter-000472,202,#302089,125.87,101.71,1409.87,797.71,"[41, 0, 188, 207]","[1325, 696, 1472, 903]",2.1811023622047245
ocean,ter-000473,202,#22188a,258.99,96.69,1542.99,792.69,"[175, 1, 385, 160]","[1459, 697, 1669, 856]",2.1811023622047245
ocean,ter-000474,202,#252e74,46.85,84.76,1330.85,780.76,"[0, 11, 113, 185]","[1284, 707, 1397, 881]",2.1811023622047245
ocean,ter-000475,202,#2f4f8a,477.6,242.43,1761.6,938.43,"[364, 127, 600, 323]","[1648, 823, 1884, 1019]",2.1811023622047245
ocean,ter-000476,202,#26329c,323.64,275.51,1607.64,971.51,"[226, 178, 407, 351]","[1510, 874, 1691, 1047]",2.1811023622047245
ocean,ter-000477,204,#052d65,100.19,67.34,3667.19,765.34,"[0, 0, 217, 123]","[3567, 698, 3784, 821]",2.1811023622047245
land,ter-000478,205,#f60b19,14.62,11.67,3560.62,713.67,"[0, 0, 28, 25]","[3546, 702, 3574, 727]",0.8500000000000001
ocean,ter-000479,206,#343d67,93.6,140.74,3420.6,852.74,"[0, 0, 171, 265]","[3327, 712, 3498, 977]",2.1811023622047245
land,ter-000480,207,#4e9dca,79.24,46.4,4273.24,760.4,"[0, 0, 146, 115]","[4194, 714, 4340, 829]",1.0
land,ter-000481,208,#95f012,68.1,151.12,4327.1,878.12,"[0, 104, 135, 278]","[4259, 831, 4394, 1005]",1.0
land,ter-000482,208,#bcf3f9,66.54,65.28,4325.54,792.28,"[7, 0, 122, 105]","[4266, 727, 4381, 832]",1.0
land,ter-000483,209,#eb179f,25.03,13.71,4231.03,743.71,"[0, 0, 52, 26]","[4206, 730, 4258, 756]",1.0
land,ter-000484,210,#5d6211,131.98,49.47,2681.98,796.47,"[77, 0, 187, 96]","[2627, 747, 2737, 843]",1.0
land,ter-000485,210,#e97985,141.16,140.56,2691.16,887.56,"[101, 92, 182, 186]","[2651, 839, 2732, 933]",1.0
land,ter-000486,210,#8ca336,71.86,91.87,2621.86,838.87,"[0, 26, 122, 125]","[2550, 773, 2672, 872]",1.0
land,ter-000487,210,#8618d6,60.9,149.88,2610.9,896.88,"[8, 114, 111, 196]","[2558, 861, 2661, 943]",1.0
land,ter-000488,211,#28fae2,25.94,10.66,2657.94,758.66,"[0, 0, 48, 19]","[2632, 748, 2680, 767]",1.0
land,ter-000489,212,#371ee4,28.95,37.21,4223.95,796.21,"[0, 0, 67, 74]","[4195, 759, 4262, 833]",1.0
ocean,ter-000490,213,#111288,5.95,8.85,3605.95,770.85,"[0, 0, 12, 21]","[3600, 762, 3612, 783]",0.4
land,ter-000491,214,#c92a35,6.07,12.75,3617.07,776.75,"[0, 0, 13, 25]","[3611, 764, 3624, 789]",0.8500000000000001
land,ter-000492,215,#f79d71,39.48,30.86,3666.48,798.86,"[0, 0, 72, 51]","[3627, 768, 3699, 819]",1.0
land,ter-000493,217,#ec60c3,23.68,37.46,2607.68,812.46,"[0, 0, 44, 65]","[2584, 775, 2628, 840]",1.0
ocean,ter-000494,218,#160e91,12.8,22.82,4709.8,800.82,"[0, 0, 28, 49]","[4697, 778, 4725, 827]",1.0
land,ter-000495,220,#c95ce0,126.12,57.74,2751.12,838.74,"[88, 0, 178, 123]","[2713, 781, 2803, 904]",1.0
land,ter-000496,220,#e49ce7,196.09,134.03,2821.09,915.03,"[134, 105, 258, 171]","[2759, 886, 2883, 952]",1.0
land,ter-000497,220,#986207,79.19,175.64,2704.19,956.64,"[0, 111, 149, 233]","[2625, 892, 2774, 1014]",1.0
land,ter-000498,220,#0bad7e,193.17,87.66,2818.17,868.66,"[139, 42, 258, 119]","[2764, 823, 2883, 900]",1.0
land,ter-000499,221,#34bea4,62.9,67.99,3693.9,850.99,"[0, 0, 122, 129]","[3631, 783, 3753, 912]",1.0
ocean,ter-000500,219,#2d0664,391.63,524.77,4760.63,1302.77,"[222, 447, 493, 630]","[4591, 1225, 4862, 1408]",1.5905511811023623
ocean,ter-000501,219,#240d6f,577.67,554.0,4946.67,1332.0,"[471, 447, 682, 673]","[4840, 1225, 5051, 1451]",1.5905511811023623
ocean,ter-000502,219,#304770,299.19,359.52,4668.19,1137.52,"[205, 239, 385, 517]","[4574, 1017, 4754, 1295]",1.5905511811023623
ocean,ter-000503,219,#1b177a,122.31,356.24,4491.31,1134.24,"[0, 219, 217, 505]","[4369, 997, 4586, 1283]",1.5905511811023623
ocean,ter-000504,219,#0a1d8c,180.22,194.62,4549.22,972.62,"[6, 55, 301, 299]","[4375, 833, 4670, 1077]",1.5905511811023623
ocean,ter-000505,219,#362c6a,423.54,387.79,4792.54,1165.79,"[353, 229, 533, 476]","[4722, 1007, 4902, 1254]",1.5905511811023623
ocean,ter-000506,219,#0f0979,289.97,123.97,4658.97,901.97,"[175, 0, 404, 242]","[4544, 778, 4773, 1020]",1.5905511811023623
land,ter-000507,222,#b2a238,10.13,18.48,4258.13,821.48,"[0, 0, 19, 39]","[4248, 803, 4267, 842]",1.0
land,ter-000508,223,#f16ffd,199.1,49.5,3018.1,854.5,"[145, 0, 247, 107]","[2964, 805, 3066, 912]",1.0
land,ter-000509,223,#e8f942,115.68,78.24,2934.68,883.24,"[64, 24, 163, 133]","[2883, 829, 2982, 938]",1.0
land,ter-000510,223,#4e6c2c,169.94,125.28,2988.94,930.28,"[115, 77, 236, 168]","[2934, 882, 3055, 973]",1.0
land,ter-000511,223,#7d71ab,60.53,140.82,2879.53,945.82,"[0, 89, 119, 183]","[2819, 894, 2938, 988]",1.0
land,ter-000512,224,#8a3559,73.43,149.56,3100.43,956.56,"[0, 105, 149, 199]","[3027, 912, 3176, 1006]",1.0
land,ter-000513,224,#2087d7,65.1,56.76,3092.1,863.76,"[23, 0, 119, 111]","[3050, 807, 3146, 918]",1.0
land,ter-000514,224,#451a81,62.92,210.0,3089.92,1017.0,"[8, 170, 131, 250]","[3035, 977, 3158, 1057]",1.0
land,ter-000515,224,#e0de67,130.64,91.68,3157.64,898.68,"[89, 39, 165, 150]","[3116, 846, 3192, 957]",1.0
land,ter-000516,225,#e228bf,64.34,104.17,4480.34,912.17,"[0, 0, 114, 231]","[4416, 808, 4530, 1039]",0.9156249999999999
land,ter-000517,226,#040d60,85.83,23.3,1579.83,834.3,"[0, 0, 160, 52]","[1494, 811, 1654, 863]",1.0
land,ter-000518,227,#bd7f41,55.12,61.15,4440.12,883.15,"[0, 0, 117, 134]","[4385, 822, 4502, 956]",1.0
land,ter-000519,228,#f37d02,178.12,137.4,3336.12,965.4,"[125, 83, 231, 193]","[3283, 911, 3389, 1021]",1.0
land,ter-000520,228,#93657e,209.29,48.46,3367.29,876.46,"[166, 0, 262, 103]","[3324, 828, 3420, 931]",1.0
land,ter-000521,228,#ba5aa1,132.86,27.44,3290.86,855.44,"[79, 0, 181, 63]","[3237, 828, 3339, 891]",1.0
land,ter-000522,228,#547bc7,63.95,58.44,3221.95,886.44,"[17, 1, 105, 109]","[3175, 829, 3263, 937]",1.0
land,ter-000523,228,#88fa8c,63.82,153.55,3221.82,981.55,"[0, 107, 131, 210]","[3158, 935, 3289, 1038]",1.0
land,ter-000524,228,#776b87,126.54,95.83,3284.54,923.83,"[80, 57, 177, 151]","[3238, 885, 3335, 979]",1.0
land,ter-000525,229,#6b6242,57.61,64.89,4400.61,918.89,"[0, 0, 128, 136]","[4343, 854, 4471, 990]",1.0
ocean,ter-000526,230,#133298,7.36,9.32,380.36,866.32,"[0, 0, 18, 20]","[373, 857, 391, 877]",1.0
land,ter-000527,231,#1472e9,16.01,12.6,4534.01,872.6,"[0, 0, 36, 29]","[4518, 860, 4554, 889]",1.0
land,ter-000528,232,#2ac7d7,27.28,15.5,1677.28,876.5,"[0, 0, 44, 29]","[1650, 861, 1694, 890]",0.752734375
land,ter-000529,233,#4480dc,21.27,15.2,1711.27,877.2,"[0, 0, 56, 35]","[1690, 862, 1746, 897]",1.0
land,ter-000530,234,#9e14de,41.94,58.08,3525.94,935.08,"[0, 23, 93, 99]","[3484, 900, 3577, 976]",1.0
land,ter-000531,234,#d339f4,116.51,32.81,3600.51,909.81,"[76, 0, 163, 77]","[3560, 877, 3647, 954]",1.0
land,ter-000532,235,#cbc3fe,20.52,35.53,4712.52,917.53,"[0, 0, 42, 79]","[4692, 882, 4734, 961]",1.0
land,ter-000533,236,#3a722d,14.78,4.82,1604.78,888.82,"[0, 0, 32, 11]","[1590, 884, 1622, 895]",0.7
land,ter-000534,237,#0329dd,11.44,3.66,1774.44,887.66,"[0, 0, 25, 9]","[1763, 884, 1788, 893]",0.8500000000000001
land,ter-000535,238,#3d3968,7.91,18.88,1426.91,902.88,"[0, 0, 20, 41]","[1419, 884, 1439, 925]",1.0
land,ter-000536,239,#a7ad40,36.83,40.6,3423.83,932.6,"[0, 0, 102, 88]","[3387, 892, 3489, 980]",1.0
ocean,ter-000537,216,#220675,1367.9,624.0,4572.9,1398.0,"[1197, 477, 1579, 773]","[4402, 1251, 4784, 1547]",0.5078125
ocean,ter-000538,216,#2e3a7c,1054.99,587.14,4259.99,1361.14,"[904, 451, 1218, 736]","[4109, 1225, 4423, 1510]",0.5078125
ocean,ter-000539,216,#300985,1073.21,370.9,4278.21,1144.9,"[937, 220, 1236, 494]","[4142, 994, 4441, 1268]",0.5078125
ocean,ter-000540,216,#162f9a,1236.01,833.88,4441.01,1607.88,"[1103, 661, 1411, 1009]","[4308, 1435, 4616, 1783]",0.5078125
ocean,ter-000541,216,#291c92,802.79,355.88,4007.79,1129.88,"[641, 198, 947, 484]","[3846, 972, 4152, 1258]",0.5078125
ocean,ter-000542,216,#124c85,1003.59,178.58,4208.59,952.58,"[864, 44, 1158, 302]","[4069, 818, 4363, 1076]",0.5078125
ocean,ter-000543,216,#15267a,790.09,624.27,3995.09,1398.27,"[634, 472, 930, 790]","[3839, 1246, 4135, 1564]",0.5078125
ocean,ter-000544,216,#280a74,574.05,487.59,3779.05,1261.59,"[444, 339, 721, 631]","[3649, 1113, 3926, 1405]",0.5078125
ocean,ter-000545,216,#304ca8,1111.27,1161.3,4316.27,1935.3,"[964, 971, 1272, 1338]","[4169, 1745, 4477, 2112]",0.5078125
ocean,ter-000546,216,#1e2181,977.29,864.37,4182.29,1638.37,"[814, 698, 1127, 1039]","[4019, 1472, 4332, 1813]",0.5078125
ocean,ter-000547,216,#1119b2,708.09,937.94,3913.09,1711.94,"[536, 761, 876, 1119]","[3741, 1535, 4081, 1893]",0.5078125
ocean,ter-000548,216,#16218d,647.39,136.26,3852.39,910.26,"[501, 0, 783, 293]","[3706, 774, 3988, 1067]",0.5078125
ocean,ter-000549,216,#15457d,518.24,753.03,3723.24,1527.03,"[357, 606, 702, 918]","[3562, 1380, 3907, 1692]",0.5078125
ocean,ter-000550,216,#263694,1402.37,1029.16,4607.37,1803.16,"[1223, 859, 1551, 1150]","[4428, 1633, 4756, 1924]",0.5078125
ocean,ter-000551,216,#29276b,1391.73,1240.78,4596.73,2014.78,"[1205, 1125, 1558, 1338]","[4410, 1899, 4763, 2112]",0.5078125
ocean,ter-000552,216,#08256a,525.34,1242.06,3730.34,2016.06,"[315, 1092, 710, 1338]","[3520, 1866, 3915, 2112]",0.5078125
ocean,ter-000553,216,#38056f,216.57,880.76,3421.57,1654.76,"[0, 671, 406, 1051]","[3205, 1445, 3611, 1825]",0.5078125
ocean,ter-000554,216,#18046b,150.32,1183.23,3355.32,1957.23,"[1, 984, 335, 1338]","[3206, 1758, 3540, 2112]",0.5078125
ocean,ter-000555,216,#3b0286,340.78,517.03,3545.78,1291.03,"[207, 342, 462, 701]","[3412, 1116, 3667, 1475]",0.5078125
ocean,ter-000556,216,#19439f,485.86,263.9,3690.86,1037.9,"[281, 106, 653, 400]","[3486, 880, 3858, 1174]",0.5078125
ocean,ter-000557,216,#0c4b89,429.71,1045.91,3634.71,1819.91,"[261, 879, 613, 1220]","[3466, 1653, 3818, 1994]",0.5078125
ocean,ter-000558,216,#3b1a9d,836.99,1188.24,4041.99,1962.24,"[660, 1001, 991, 1338]","[3865, 1775, 4196, 2112]",0.5078125
land,ter-000559,240,#87a45d,28.66,32.57,1400.66,927.57,"[0, 0, 62, 63]","[1372, 895, 1434, 958]",1.0
land,ter-000560,241,#2bf49d,43.59,35.75,2588.59,948.75,"[0, 0, 93, 68]","[2545, 913, 2638, 981]",1.0
land,ter-000561,242,#3c7494,40.91,18.21,1458.91,941.21,"[0, 0, 93, 47]","[1418, 923, 1511, 970]",1.0
land,ter-000562,243,#a4669e,59.2,42.92,2788.2,980.92,"[0, 0, 124, 85]","[2729, 938, 2853, 1023]",1.0
land,ter-000563,244,#e22a38,38.04,33.05,1484.04,972.05,"[0, 0, 67, 67]","[1446, 939, 1513, 1006]",1.0
land,ter-000564,245,#fef3b5,160.93,121.41,3493.93,1063.41,"[118, 71, 232, 170]","[3451, 1013, 3565, 1112]",1.0
land,ter-000565,245,#6d9be1,80.05,131.18,3413.05,1073.18,"[21, 85, 122, 178]","[3354, 1027, 3455, 1120]",1.0
land,ter-000566,245,#e1f97b,105.57,45.03,3438.57,987.03,"[57, 0, 154, 94]","[3390, 942, 3487, 1036]",1.0
land,ter-000567,245,#52aadf,46.92,72.89,3379.92,1014.89,"[0, 8, 89, 122]","[3333, 950, 3422, 1064]",1.0
land,ter-000568,246,#bc5d1d,39.34,28.0,4458.34,974.0,"[0, 0, 82, 64]","[4419, 946, 4501, 1010]",1.0
land,ter-000569,247,#373617,19.8,10.95,1423.8,957.95,"[0, 0, 38, 21]","[1404, 947, 1442, 968]",1.0
ocean,ter-000570,248,#060990,8.05,9.49,4749.05,964.49,"[0, 0, 16, 21]","[4741, 955, 4757, 976]",0.741015625
land,ter-000571,249,#88e14c,56.49,36.5,2914.49,993.5,"[10, 0, 105, 70]","[2868, 957, 2963, 1027]",1.0
land,ter-000572,249,#f520b7,56.82,101.77,2914.82,1058.77,"[0, 66, 116, 149]","[2858, 1023, 2974, 1106]",1.0
land,ter-000573,249,#fb209a,135.68,51.12,2993.68,1008.12,"[94, 1, 187, 116]","[2952, 958, 3045, 1073]",1.0
ocean,ter-000574,250,#053880,9.52,8.11,4711.52,970.11,"[0, 0, 17, 20]","[4702, 962, 4719, 982]",0.7925781249999999
land,ter-000575,251,#2f2288,57.64,133.96,3007.64,1102.96,"[0, 87, 120, 177]","[2950, 1056, 3070, 1146]",1.0
land,ter-000576,251,#f1355f,85.15,63.33,3035.15,1032.33,"[54, 0, 110, 103]","[3004, 969, 3060, 1072]",1.0
land,ter-000577,252,#7bd3c5,21.57,9.18,2581.57,984.18,"[0, 0, 42, 26]","[2560, 975, 2602, 1001]",1.0
land,ter-000578,253,#183bd7,62.37,34.62,2644.37,1009.62,"[0, 0, 113, 85]","[2582, 975, 2695, 1060]",1.0
land,ter-000579,254,#fea459,12.18,15.01,3482.18,989.01,"[0, 0, 26, 28]","[3470, 974, 3496, 1002]",0.8500000000000001
ocean,ter-000580,255,#321fac,11.71,9.63,4773.71,986.63,"[0, 0, 21, 23]","[4762, 977, 4783, 1000]",0.8500000000000001
land,ter-000581,256,#b32085,104.01,113.27,1683.01,1092.27,"[33, 77, 181, 158]","[1612, 1056, 1760, 1137]",1.0
land,ter-000582,256,#ea84f9,128.75,179.63,1707.75,1158.63,"[82, 112, 185, 261]","[1661, 1091, 1764, 1240]",1.0
land,ter-000583,256,#dd3167,49.21,161.2,1628.21,1140.2,"[0, 105, 91, 214]","[1579, 1084, 1670, 1193]",1.0
land,ter-000584,256,#77f6ef,66.16,58.93,1645.16,1037.93,"[17, 0, 123, 106]","[1596, 979, 1702, 1085]",1.0
land,ter-000585,257,#df4c72,24.28,41.88,2852.28,1021.88,"[0, 0, 48, 95]","[2828, 980, 2876, 1075]",1.0
land,ter-000586,258,#d66080,128.28,80.25,3322.28,1063.25,"[90, 0, 183, 135]","[3284, 983, 3377, 1118]",1.0
land,ter-000587,258,#cdcf3e,57.57,71.02,3251.57,1054.02,"[0, 28, 100, 123]","[3194, 1011, 3294, 1106]",1.0
land,ter-000588,259,#20efda,73.3,112.69,3531.3,1098.69,"[0, 0, 161, 212]","[3458, 986, 3619, 1198]",1.0
ocean,ter-000589,260,#162ca0,7.72,9.42,4733.72,998.42,"[0, 0, 18, 19]","[4726, 989, 4744, 1008]",1.0
land,ter-000590,261,#16ac80,154.09,64.83,1823.09,1054.83,"[101, 16, 210, 120]","[1770, 1006, 1879, 1110]",1.0
land,ter-000591,261,#88bff9,117.21,125.37,1786.21,1115.37,"[85, 79, 169, 172]","[1754, 1069, 1838, 1162]",1.0
land,ter-000592,261,#0dd97a,59.56,43.92,1728.56,1033.92,"[0, 0, 115, 88]","[1669, 990, 1784, 1078]",1.0
land,ter-000593,262,#a47eb8,22.45,51.46,4377.45,1044.46,"[0, 0, 60, 91]","[4355, 993, 4415, 1084]",1.0
land,ter-000594,263,#b80c47,56.17,26.75,3540.17,1020.75,"[0, 0, 99, 55]","[3484, 994, 3583, 1049]",1.0
ocean,ter-000595,264,#3a0da7,7.9,9.73,4777.9,1006.73,"[0, 0, 16, 25]","[4770, 997, 4786, 1022]",0.7
land,ter-000596,265,#815936,24.85,17.77,1496.85,1016.77,"[0, 0, 48, 44]","[1472, 999, 1520, 1043]",1.0
land,ter-000597,266,#c2414f,31.65,49.48,2796.65,1048.48,"[0, 0, 69, 100]","[2765, 999, 2834, 1099]",1.0
land,ter-000598,267,#31d855,15.95,39.66,2830.95,1039.66,"[0, 0, 29, 78]","[2815, 1000, 2844, 1078]",0.865234375
land,ter-000599,268,#e18856,129.49,59.41,3171.49,1061.41,"[78, 0, 201, 107]","[3120, 1002, 3243, 1109]",1.0
land,ter-000600,268,#1bdc92,45.44,80.5,3087.44,1082.5,"[0, 31, 95, 134]","[3042, 1033, 3137, 1136]",1.0
ocean,ter-000601,269,#031c6e,9.27,14.66,4742.27,1015.66,"[0, 0, 18, 31]","[4733, 1001, 4751, 1032]",0.7
land,ter-000602,270,#1f9ce5,46.46,46.59,2728.46,1053.59,"[0, 0, 95, 98]","[2682, 1007, 2777, 1105]",1.0
land,ter-000603,271,#18bf4a,8.17,12.51,1695.17,1020.51,"[0, 0, 17, 24]","[1687, 1008, 1704, 1032]",1.0
land,ter-000604,272,#7adfb6,21.84,21.77,2630.84,1038.77,"[0, 0, 43, 48]","[2609, 1017, 2652, 1065]",1.0
land,ter-000605,273,#819d58,24.36,32.0,4776.36,1054.0,"[0, 0, 46, 64]","[4752, 1022, 4798, 1086]",1.0
land,ter-000606,274,#54f94c,44.42,16.52,1561.42,1039.52,"[0, 0, 90, 38]","[1517, 1023, 1607, 1061]",1.0
land,ter-000607,275,#c92ced,14.46,32.12,4079.46,1054.12,"[0, 0, 33, 59]","[4065, 1022, 4098, 1081]",1.0
land,ter-000608,277,#59eac7,16.2,11.09,4741.2,1049.09,"[0, 0, 31, 27]","[4725, 1038, 4756, 1065]",0.8500000000000001
land,ter-000609,278,#5ad68d,33.53,31.81,2669.53,1071.81,"[0, 0, 64, 65]","[2636, 1040, 2700, 1105]",1.0
land,ter-000610,279,#f51c70,37.05,54.9,1892.05,1097.9,"[0, 0, 73, 112]","[1855, 1043, 1928, 1155]",1.0
land,ter-000611,281,#2cd540,79.2,51.28,4612.2,1116.28,"[0, 0, 151, 95]","[4533, 1065, 4684, 1160]",1.0
land,ter-000612,282,#cc3ab7,31.84,40.24,4415.84,1110.24,"[0, 0, 64, 86]","[4384, 1070, 4448, 1156]",1.0
land,ter-000613,283,#c9de25,33.15,28.43,1940.15,1108.43,"[0, 0, 64, 65]","[1907, 1080, 1971, 1145]",1.0
land,ter-000614,284,#b9ca07,19.8,27.64,1981.8,1111.64,"[0, 0, 46, 56]","[1962, 1084, 2008, 1140]",1.0
land,ter-000615,285,#f18d95,97.67,95.05,4405.67,1180.05,"[0, 0, 169, 180]","[4308, 1085, 4477, 1265]",1.0
land,ter-000616,286,#039cf8,124.46,56.24,3133.46,1146.24,"[81, 3, 174, 116]","[3090, 1093, 3183, 1206]",1.0
land,ter-000617,286,#fa8321,84.31,154.2,3093.31,1244.2,"[0, 97, 132, 210]","[3009, 1187, 3141, 1300]",1.0
land,ter-000618,286,#77fcad,233.19,38.53,3242.19,1128.53,"[169, 0, 297, 80]","[3178, 1090, 3306, 1170]",1.0
land,ter-000619,286,#5da400,169.84,161.27,3178.84,1251.27,"[126, 122, 227, 200]","[3135, 1212, 3236, 1290]",1.0
land,ter-000620,286,#d32b06,241.61,222.2,3250.61,1312.2,"[214, 172, 285, 293]","[3223, 1262, 3294, 1383]",1.0
land,ter-000621,286,#8727cd,184.37,225.81,3193.37,1315.81,"[148, 187, 215, 270]","[3157, 1277, 3224, 1360]",1.0
land,ter-000622,286,#712005,176.84,89.04,3185.84,1179.04,"[129, 34, 222, 128]","[3138, 1124, 3231, 1218]",1.0
land,ter-000623,286,#eec0df,238.81,122.22,3247.81,1212.22,"[200, 72, 276, 173]","[3209, 1162, 3285, 1263]",1.0
land,ter-000624,288,#a3db19,58.22,40.53,3405.22,1136.53,"[1, 0, 123, 72]","[3348, 1096, 3470, 1168]",1.0
land,ter-000625,288,#923948,64.43,99.25,3411.43,1195.25,"[0, 72, 120, 150]","[3347, 1168, 3467, 1246]",1.0
land,ter-000626,287,#762220,308.4,149.21,1966.4,1241.21,"[251, 96, 370, 207]","[1909, 1188, 2028, 1299]",0.765625
land,ter-000627,287,#f243a7,238.13,185.54,1896.13,1277.54,"[185, 125, 295, 239]","[1843, 1217, 1953, 1331]",0.765625
land,ter-000628,287,#6121a8,391.49,187.58,2049.49,1279.58,"[334, 119, 449, 239]","[1992, 1211, 2107, 1331]",0.765625
land,ter-000629,287,#6de6e9,213.22,70.93,1871.22,1162.93,"[153, 0, 276, 131]","[1811, 1092, 1934, 1223]",0.765625
land,ter-000630,287,#95fc82,154.99,140.07,1812.99,1232.07,"[96, 81, 213, 186]","[1754, 1173, 1871, 1278]",0.765625
land,ter-000631,287,#b165f7,318.99,262.49,1976.99,1354.49,"[267, 204, 370, 329]","[1925, 1296, 2028, 1421]",0.765625
land,ter-000632,287,#72e8f4,63.96,195.89,1721.96,1287.89,"[0, 134, 123, 256]","[1658, 1226, 1781, 1348]",0.765625
land,ter-000633,287,#b1e3b2,163.5,228.44,1821.5,1320.44,"[104, 180, 219, 287]","[1762, 1272, 1877, 1379]",0.765625
land,ter-000634,287,#ba4018,348.7,385.89,2006.7,1477.89,"[312, 323, 402, 466]","[1970, 1415, 2060, 1558]",0.765625
land,ter-000635,287,#4085cf,104.89,91.49,1762.89,1183.49,"[61, 17, 162, 145]","[1719, 1109, 1820, 1237]",0.765625
land,ter-000636,287,#59c753,400.24,286.59,2058.24,1378.59,"[347, 233, 452, 351]","[2005, 1325, 2110, 1443]",0.765625
land,ter-000637,287,#87f545,242.95,288.98,1900.95,1380.98,"[182, 237, 297, 347]","[1840, 1329, 1955, 1439]",0.765625
land,ter-000638,287,#c4b70b,328.46,75.51,1986.46,1167.51,"[275, 13, 388, 128]","[1933, 1105, 2046, 1220]",0.765625
land,ter-000639,287,#90de45,286.7,385.01,1944.7,1477.01,"[243, 323, 321, 466]","[1901, 1415, 1979, 1558]",0.765625
land,ter-000640,289,#dbb0c8,105.29,79.61,4626.29,1184.61,"[47, 9, 158, 133]","[4568, 1114, 4679, 1238]",1.0
land,ter-000641,289,#357afc,58.9,63.82,4579.9,1168.82,"[0, 0, 137, 121]","[4521, 1105, 4658, 1226]",1.0
land,ter-000642,290,#fb83bf,42.22,41.62,3321.22,1149.62,"[0, 0, 85, 88]","[3279, 1108, 3364, 1196]",1.0
land,ter-000643,291,#949108,64.01,70.22,3054.01,1186.22,"[0, 0, 118, 136]","[2990, 1116, 3108, 1252]",1.0
land,ter-000644,292,#2fe009,45.41,44.46,3000.41,1182.46,"[0, 0, 88, 96]","[2955, 1138, 3043, 1234]",1.0
land,ter-000645,293,#e561db,15.81,8.77,2979.81,1148.77,"[0, 0, 30, 19]","[2964, 1140, 2994, 1159]",1.0
land,ter-000646,294,#378654,40.68,14.01,4733.68,1161.01,"[0, 0, 84, 27]","[4693, 1147, 4777, 1174]",0.752734375
ocean,ter-000647,295,#2f4b80,9.64,9.74,4821.64,1158.74,"[0, 0, 20, 20]","[4812, 1149, 4832, 1169]",0.521875
ocean,ter-000648,280,#371b87,170.64,983.49,1898.64,2037.49,"[0, 890, 340, 1058]","[1728, 1944, 2068, 2112]",0.5078125
ocean,ter-000649,280,#121a83,404.21,908.04,2132.21,1962.04,"[265, 749, 535, 1058]","[1993, 1803, 2263, 2112]",0.5078125
ocean,ter-000650,280,#394ea0,645.76,878.99,2373.76,1932.99,"[498, 674, 809, 1058]","[2226, 1728, 2537, 2112]",0.5078125
ocean,ter-000651,280,#1a248e,177.31,805.21,1905.31,1859.21,"[4, 653, 314, 925]","[1732, 1707, 2042, 1979]",0.5078125
ocean,ter-000652,280,#270b93,864.09,671.69,2592.09,1725.69,"[672, 499, 1023, 842]","[2400, 1553, 2751, 1896]",0.5078125
ocean,ter-000653,280,#084166,953.91,406.19,2681.91,1460.19,"[791, 250, 1103, 568]","[2519, 1304, 2831, 1622]",0.5078125
ocean,ter-000654,280,#0f4a69,427.17,629.46,2155.17,1683.46,"[246, 437, 608, 769]","[1974, 1491, 2336, 1823]",0.5078125
ocean,ter-000655,280,#2c37ae,635.96,489.65,2363.96,1543.65,"[458, 331, 818, 676]","[2186, 1385, 2546, 1730]",0.5078125
ocean,ter-000656,280,#201a7a,1193.8,370.26,2921.8,1424.26,"[1065, 209, 1321, 519]","[2793, 1263, 3049, 1573]",0.5078125
ocean,ter-000657,280,#191e96,684.81,262.66,2412.81,1316.66,"[478, 91, 847, 398]","[2206, 1145, 2575, 1452]",0.5078125
ocean,ter-000658,280,#254d7f,1178.47,656.39,2906.47,1710.39,"[1014, 498, 1397, 857]","[2742, 1552, 3125, 1911]",0.5078125
ocean,ter-000659,280,#3415a4,1129.46,143.78,2857.46,1197.78,"[1020, 18, 1280, 274]","[2748, 1072, 3008, 1328]",0.5078125
ocean,ter-000660,280,#0408ae,968.27,937.75,2696.27,1991.75,"[756, 772, 1170, 1058]","[2484, 1826, 2898, 2112]",0.5078125
ocean,ter-000661,280,#282caa,902.28,145.14,2630.28,1199.14,"[745, 0, 1028, 285]","[2473, 1054, 2756, 1339]",0.5078125
ocean,ter-000662,280,#180b7d,1333.65,886.98,3061.65,1940.98,"[1137, 652, 1482, 1058]","[2865, 1706, 3210, 2112]",0.5078125
land,ter-000663,296,#99e36f,37.9,43.94,1587.9,1195.94,"[0, 0, 88, 100]","[1550, 1152, 1638, 1252]",1.0
lake,ter-000664,297,#123170,18.61,21.35,3330.61,1190.35,"[0, 0, 40, 44]","[3312, 1169, 3352, 1213]",2.1811023622047245
land,ter-000665,298,#abb492,145.2,215.56,1688.2,1390.56,"[78, 148, 197, 286]","[1621, 1323, 1740, 1461]",1.0
land,ter-000666,298,#3f3373,88.13,146.34,1631.13,1321.34,"[38, 94, 144, 207]","[1581, 1269, 1687, 1382]",1.0
land,ter-000667,298,#95fbda,115.69,54.26,1658.69,1229.26,"[70, 0, 176, 105]","[1613, 1175, 1719, 1280]",1.0
land,ter-000668,298,#e9a844,45.79,83.99,1588.79,1258.99,"[0, 40, 89, 130]","[1543, 1215, 1632, 1305]",1.0
land,ter-000669,299,#ba3746,29.71,43.07,4705.71,1217.07,"[0, 0, 68, 89]","[4676, 1174, 4744, 1263]",1.0
land,ter-000670,300,#be4f5b,20.49,16.3,2035.49,1186.3,"[0, 0, 43, 34]","[2015, 1170, 2058, 1204]",1.0
land,ter-000671,301,#d396ea,27.5,15.43,4895.5,1194.43,"[0, 0, 51, 32]","[4868, 1179, 4919, 1211]",1.0
ocean,ter-000672,302,#30287c,20.89,17.65,4936.89,1202.65,"[0, 0, 50, 42]","[4916, 1185, 4966, 1227]",1.0
ocean,ter-000673,276,#151783,848.02,964.36,848.02,1996.36,"[653, 796, 1043, 1080]","[653, 1828, 1043, 2112]",0.5078125
ocean,ter-000674,276,#194a71,439.77,998.37,439.77,2030.37,"[235, 839, 653, 1080]","[235, 1871, 653, 2112]",0.5078125
ocean,ter-000675,276,#1a0378,903.78,647.77,903.78,1679.77,"[723, 482, 1102, 813]","[723, 1514, 1102, 1845]",0.5078125
ocean,ter-000676,276,#354670,665.95,520.34,665.95,1552.34,"[511, 329, 836, 701]","[511, 1361, 836, 1733]",0.5078125
ocean,ter-000677,276,#2f4fad,883.09,336.79,883.09,1368.79,"[688, 175, 1063, 487]","[688, 1207, 1063, 1519]",0.5078125
ocean,ter-000678,276,#0e2b9c,1107.51,147.69,1107.51,1179.69,"[945, 12, 1254, 316]","[945, 1044, 1254, 1348]",0.5078125
ocean,ter-000679,276,#073387,404.82,628.24,404.82,1660.24,"[252, 487, 569, 791]","[252, 1519, 569, 1823]",0.5078125
ocean,ter-000680,276,#1a07ab,132.04,596.14,132.04,1628.14,"[0, 449, 284, 755]","[0, 1481, 284, 1787]",0.5078125
ocean,ter-000681,276,#132eac,420.78,381.11,420.78,1413.11,"[258, 226, 609, 512]","[258, 1258, 609, 1544]",0.5078125
ocean,ter-000682,276,#0e2d87,100.89,928.0,100.89,1960.0,"[0, 738, 245, 1080]","[0, 1770, 245, 2112]",0.5078125
ocean,ter-000683,276,#154a89,1305.3,693.37,1305.3,1725.37,"[1110, 519, 1448, 839]","[1110, 1551, 1448, 1871]",0.5078125
ocean,ter-000684,276,#2b3f92,1507.55,427.68,1507.55,1459.68,"[1326, 246, 1719, 582]","[1326, 1278, 1719, 1614]",0.5078125
ocean,ter-000685,276,#342b8a,621.69,840.39,621.69,1872.39,"[450, 675, 790, 1073]","[450, 1707, 790, 2105]",0.5078125
ocean,ter-000686,276,#320cb1,313.23,146.81,313.23,1178.81,"[174, 13, 442, 317]","[174, 1045, 442, 1349]",0.5078125
ocean,ter-000687,276,#014d95,1167.99,455.11,1167.99,1487.11,"[980, 280, 1343, 660]","[980, 1312, 1343, 1692]",0.5078125
ocean,ter-000688,276,#0c1ea8,1404.36,152.49,1404.36,1184.49,"[1243, 0, 1608, 342]","[1243, 1032, 1608, 1374]",0.5078125
ocean,ter-000689,276,#0e1873,1566.25,682.75,1566.25,1714.75,"[1432, 517, 1713, 838]","[1432, 1549, 1713, 1870]",0.5078125
ocean,ter-000690,276,#2828a0,1577.48,969.07,1577.48,2001.07,"[1449, 826, 1760, 1080]","[1449, 1858, 1760, 2112]",0.5078125
ocean,ter-000691,276,#1f0ea9,572.88,168.38,572.88,1200.38,"[431, 13, 723, 351]","[431, 1045, 723, 1383]",0.5078125
ocean,ter-000692,276,#2a2a97,123.91,346.61,123.91,1378.61,"[0, 217, 273, 474]","[0, 1249, 273, 1506]",0.5078125
ocean,ter-000693,276,#292490,99.46,112.58,99.46,1144.58,"[0, 13, 227, 228]","[0, 1045, 227, 1260]",0.5078125
ocean,ter-000694,276,#004876,810.32,110.07,810.32,1142.07,"[652, 12, 967, 257]","[652, 1044, 967, 1289]",0.5078125
ocean,ter-000695,276,#1c4c8e,1317.62,963.73,1317.62,1995.73,"[1132, 829, 1459, 1080]","[1132, 1861, 1459, 2112]",0.5078125
ocean,ter-000696,276,#1f3f8d,1083.31,873.13,1083.31,1905.13,"[923, 658, 1235, 1080]","[923, 1690, 1235, 2112]",0.5078125
ocean,ter-000697,276,#100c8b,288.33,842.05,288.33,1874.05,"[145, 694, 450, 1041]","[145, 1726, 450, 2073]",0.5078125
land,ter-000698,303,#5df442,193.31,321.88,2108.31,1505.88,"[137, 286, 259, 372]","[2052, 1470, 2174, 1556]",1.0
land,ter-000699,303,#463c2e,113.89,356.94,2028.89,1540.94,"[47, 306, 164, 392]","[1962, 1490, 2079, 1576]",1.0
land,ter-000700,303,#64096b,60.94,454.16,1975.94,1638.16,"[0, 386, 115, 518]","[1915, 1570, 2030, 1702]",1.0
land,ter-000701,303,#004f31,188.79,247.22,2103.79,1431.22,"[132, 182, 230, 288]","[2047, 1366, 2145, 1472]",1.0
land,ter-000702,303,#1cadbc,255.4,259.94,2170.4,1443.94,"[221, 214, 292, 324]","[2136, 1398, 2207, 1508]",1.0
land,ter-000703,303,#8fdb30,109.75,411.85,2024.75,1595.85,"[60, 378, 154, 461]","[1975, 1562, 2069, 1645]",1.0
land,ter-000704,303,#2c28f9,257.16,172.09,2172.16,1356.09,"[192, 123, 326, 215]","[2107, 1307, 2241, 1399]",1.0
land,ter-000705,303,#35f65d,221.13,103.13,2136.13,1287.13,"[181, 46, 263, 165]","[2096, 1230, 2178, 1349]",1.0
land,ter-000706,303,#ac842f,302.07,94.84,2217.07,1278.84,"[252, 34, 356, 156]","[2167, 1218, 2271, 1340]",1.0
land,ter-000707,303,#9fee3c,185.19,37.84,2100.19,1221.84,"[127, 0, 257, 81]","[2042, 1184, 2172, 1265]",1.0
land,ter-000708,304,#bd40cb,36.13,70.99,3316.13,1259.99,"[0, 0, 77, 131]","[3280, 1189, 3357, 1320]",1.0
land,ter-000709,304,#05dd75,93.49,47.66,3373.49,1236.66,"[33, 0, 150, 90]","[3313, 1189, 3430, 1279]",1.0
land,ter-000710,304,#e9bcee,112.34,122.29,3392.34,1311.29,"[51, 70, 169, 168]","[3331, 1259, 3449, 1357]",1.0
land,ter-000711,305,#533569,15.93,13.48,3283.93,1204.48,"[0, 0, 32, 27]","[3268, 1191, 3300, 1218]",1.0
land,ter-000712,306,#83e00e,92.3,45.22,4979.3,1242.22,"[0, 0, 137, 118]","[4887, 1197, 5024, 1315]",1.0
ocean,ter-000713,307,#22186a,12.14,10.21,4475.14,1208.21,"[0, 0, 24, 23]","[4463, 1198, 4487, 1221]",1.1181102362204725
land,ter-000714,308,#c13e76,12.18,15.21,3284.18,1225.21,"[0, 0, 27, 33]","[3272, 1210, 3299, 1243]",1.0
land,ter-000715,309,#cd2512,52.3,61.78,5074.3,1276.78,"[0, 0, 152, 126]","[5022, 1215, 5174, 1341]",1.0
land,ter-000716,310,#fa0566,21.4,6.21,4842.4,1223.21,"[0, 0, 44, 16]","[4821, 1217, 4865, 1233]",0.7
ocean,ter-000717,311,#1439a1,9.63,4.8,4798.63,1226.8,"[0, 0, 20, 12]","[4789, 1222, 4809, 1234]",1.0
lake,ter-000718,312,#041780,11.98,38.22,3283.98,1272.22,"[0, 0, 33, 77]","[3272, 1234, 3305, 1311]",0.7
ocean,ter-000719,313,#28399b,35.62,19.08,5174.62,1259.08,"[0, 0, 64, 32]","[5139, 1240, 5203, 1272]",0.9015625
land,ter-000720,314,#729f33,5.56,9.05,3010.56,1252.05,"[0, 0, 15, 21]","[3005, 1243, 3020, 1264]",0.7
ocean,ter-000721,315,#194067,8.62,10.62,5247.62,1270.62,"[0, 0, 19, 21]","[5239, 1260, 5258, 1281]",0.6507812500000001
land,ter-000722,316,#33c3f8,139.73,73.84,3139.73,1338.84,"[93, 17, 193, 121]","[3093, 1282, 3193, 1386]",1.0
land,ter-000723,316,#24c240,121.56,148.6,3121.56,1413.6,"[78, 98, 180, 191]","[3078, 1363, 3180, 1456]",1.0
land,ter-000724,316,#6a05ec,60.2,48.12,3060.2,1313.12,"[9, 0, 114, 102]","[3009, 1265, 3114, 1367]",1.0
land,ter-000725,316,#db4f45,44.94,139.0,3044.94,1404.0,"[0, 89, 86, 182]","[3000, 1354, 3086, 1447]",1.0
land,ter-000726,317,#bd79af,68.27,21.42,4537.27,1287.42,"[0, 0, 139, 43]","[4469, 1266, 4608, 1309]",1.0
land,ter-000727,318,#d16f59,9.88,8.85,4982.88,1296.85,"[0, 0, 20, 17]","[4973, 1288, 4993, 1305]",1.0
ocean,ter-000728,319,#1124b0,10.3,3.9,4618.3,1303.9,"[0, 0, 20, 10]","[4608, 1300, 4628, 1310]",0.647265625
land,ter-000729,320,#22d916,136.88,53.45,3297.88,1356.45,"[97, 0, 182, 117]","[3258, 1303, 3343, 1420]",1.0
land,ter-000730,320,#50a468,49.23,121.83,3210.23,1424.83,"[0, 91, 115, 153]","[3161, 1394, 3276, 1456]",1.0
land,ter-000731,320,#f3c989,58.36,79.99,3219.36,1382.99,"[0, 43, 111, 112]","[3161, 1346, 3272, 1415]",1.0
land,ter-000732,321,#ce1f77,17.65,4.96,4708.65,1307.96,"[0, 0, 39, 10]","[4691, 1303, 4730, 1313]",0.8500000000000001
ocean,ter-000733,322,#2f2ab1,13.66,6.84,4787.66,1310.84,"[0, 0, 34, 16]","[4774, 1304, 4808, 1320]",0.7
land,ter-000734,323,#4c4d6d,11.76,4.52,4652.76,1309.52,"[0, 0, 23, 11]","[4641, 1305, 4664, 1316]",0.7
ocean,ter-000735,324,#3b3f83,12.32,9.92,4762.32,1324.92,"[0, 0, 25, 21]","[4750, 1315, 4775, 1336]",0.8500000000000001
ocean,ter-000736,325,#2c4370,7.88,5.75,5323.88,1323.75,"[0, 0, 18, 11]","[5316, 1318, 5334, 1329]",0.9015625
ocean,ter-000737,326,#0b3b84,14.94,5.85,4693.94,1325.85,"[0, 0, 29, 15]","[4679, 1320, 4708, 1335]",0.605078125
lake,ter-000738,327,#1b2699,9.0,37.21,3356.0,1360.21,"[0, 0, 21, 74]","[3347, 1323, 3368, 1397]",0.8734375000000001
land,ter-000739,328,#72a767,22.91,61.82,3351.91,1384.82,"[0, 0, 49, 114]","[3329, 1323, 3378, 1437]",1.0
land,ter-000740,329,#ab9cb6,35.62,107.61,1761.62,1433.61,"[0, 63, 78, 172]","[1726, 1389, 1804, 1498]",1.0
land,ter-000741,329,#7ea8a4,77.6,159.06,1803.6,1485.06,"[17, 110, 159, 206]","[1743, 1436, 1885, 1532]",1.0
land,ter-000742,329,#461af5,126.28,100.68,1852.28,1426.68,"[73, 45, 189, 157]","[1799, 1371, 1915, 1483]",1.0
land,ter-000743,329,#de555b,46.28,40.0,1772.28,1366.0,"[2, 0, 96, 74]","[1728, 1326, 1822, 1400]",1.0
land,ter-000744,330,#b95065,97.61,67.45,3387.61,1405.45,"[0, 0, 166, 132]","[3290, 1338, 3456, 1470]",0.8500000000000001
land,ter-000745,330,#ec7396,51.42,182.6,3341.42,1520.6,"[16, 114, 88, 256]","[3306, 1452, 3378, 1594]",0.8500000000000001
land,ter-000746,332,#1c7e0c,40.17,147.71,3534.17,1510.71,"[0, 81, 89, 211]","[3494, 1444, 3583, 1574]",1.0
land,ter-000747,332,#45375c,71.4,63.73,3565.4,1426.73,"[13, 0, 113, 113]","[3507, 1363, 3607, 1476]",1.0
land,ter-000748,333,#6c5517,70.98,52.65,3282.98,1470.65,"[0, 0, 121, 106]","[3212, 1418, 3333, 1524]",1.0
land,ter-000749,331,#5963a9,446.98,137.95,5038.98,1479.95,"[386, 95, 519, 177]","[4978, 1437, 5111, 1519]",0.7421875
land,ter-000750,331,#29d10c,339.6,175.14,4931.6,1517.14,"[287, 136, 398, 219]","[4879, 1478, 4990, 1561]",0.7421875
land,ter-000751,331,#d48678,340.69,101.01,4932.69,1443.01,"[278, 20, 400, 136]","[4870, 1362, 4992, 1478]",0.7421875
land,ter-000752,331,#082512,239.77,184.28,4831.77,1526.28,"[178, 125, 293, 235]","[4770, 1467, 4885, 1577]",0.7421875
land,ter-000753,331,#349c6d,294.13,58.01,4886.13,1400.01,"[244, 10, 361, 123]","[4836, 1352, 4953, 1465]",0.7421875
land,ter-000754,331,#c3de63,342.05,257.68,4934.05,1599.68,"[285, 214, 405, 317]","[4877, 1556, 4997, 1659]",0.7421875
land,ter-000755,331,#767340,461.91,282.67,5053.91,1624.67,"[401, 238, 533, 345]","[4993, 1580, 5125, 1687]",0.7421875
land,ter-000756,331,#e89ce7,376.33,331.65,4968.33,1673.65,"[302, 278, 439, 390]","[4894, 1620, 5031, 1732]",0.7421875
land,ter-000757,331,#f33771,243.08,283.88,4835.08,1625.88,"[180, 230, 308, 338]","[4772, 1572, 4900, 1680]",0.7421875
land,ter-000758,331,#36de98,468.69,70.63,5060.69,1412.63,"[434, 0, 515, 122]","[5026, 1342, 5107, 1464]",0.7421875
land,ter-000759,331,#1d6aff,436.1,211.6,5028.1,1553.6,"[383, 171, 490, 260]","[4975, 1513, 5082, 1602]",0.7421875
land,ter-000760,331,#a476b5,530.35,201.31,5122.35,1543.31,"[484, 131, 586, 275]","[5076, 1473, 5178, 1617]",0.7421875
land,ter-000761,331,#a1080b,210.28,103.92,4802.28,1445.92,"[144, 47, 278, 157]","[4736, 1389, 4870, 1499]",0.7421875
land,ter-000762,331,#acd2c7,145.79,238.69,4737.79,1580.69,"[84, 186, 204, 290]","[4676, 1528, 4796, 1632]",0.7421875
land,ter-000763,331,#234faf,115.45,329.66,4707.45,1671.66,"[25, 278, 198, 381]","[4617, 1620, 4790, 1723]",0.7421875
land,ter-000764,331,#e76ea6,115.24,165.49,4707.24,1507.49,"[26, 96, 183, 212]","[4618, 1438, 4775, 1554]",0.7421875
land,ter-000765,331,#fe7bd9,47.78,252.98,4639.78,1594.98,"[0, 171, 102, 367]","[4592, 1513, 4694, 1709]",0.7421875
land,ter-000766,334,#c34bea,46.9,42.14,3046.9,1481.14,"[0, 0, 82, 101]","[3000, 1439, 3082, 1540]",1.0
land,ter-000767,334,#751295,89.48,134.59,3089.48,1573.59,"[43, 85, 129, 188]","[3043, 1524, 3129, 1627]",1.0
land,ter-000768,334,#1aa809,115.46,47.65,3115.46,1486.65,"[77, 7, 209, 98]","[3077, 1446, 3209, 1537]",1.0
ocean,ter-000769,335,#1e4898,10.49,7.19,5602.49,1452.19,"[0, 0, 21, 15]","[5592, 1445, 5613, 1460]",1.0
land,ter-000770,336,#84cdb5,84.34,124.76,1723.34,1573.76,"[54, 0, 127, 258]","[1693, 1449, 1766, 1707]",1.0
land,ter-000771,336,#a94839,39.46,380.55,1678.46,1829.55,"[0, 253, 83, 505]","[1639, 1702, 1722, 1954]",1.0
land,ter-000772,337,#d3b65f,37.52,84.26,3166.52,1535.26,"[0, 8, 91, 143]","[3129, 1459, 3220, 1594]",1.0
land,ter-000773,337,#907b23,85.5,51.89,3214.5,1502.89,"[31, 0, 143, 114]","[3160, 1451, 3272, 1565]",1.0
land,ter-000774,338,#e1d4b4,66.15,60.82,1901.15,1536.82,"[0, 0, 131, 129]","[1835, 1476, 1966, 1605]",1.0
ocean,ter-000775,339,#1e15aa,20.21,16.21,5407.21,1507.21,"[0, 0, 44, 33]","[5387, 1491, 5431, 1524]",0.4609375
land,ter-000776,341,#bd6af6,61.08,136.99,3135.08,1656.99,"[0, 52, 109, 198]","[3074, 1572, 3183, 1718]",1.0
land,ter-000777,341,#0fc346,129.49,81.53,3203.49,1601.53,"[55, 34, 182, 123]","[3129, 1554, 3256, 1643]",1.0
land,ter-000778,341,#3b0167,151.23,147.96,3225.23,1667.96,"[101, 104, 222, 189]","[3175, 1624, 3296, 1709]",1.0
land,ter-000779,341,#ab3975,207.26,59.09,3281.26,1579.09,"[162, 0, 257, 130]","[3236, 1520, 3331, 1650]",1.0
land,ter-000780,340,#dfe8e2,85.86,134.72,1750.86,1649.72,"[46, 83, 137, 194]","[1711, 1598, 1802, 1709]",1.0
land,ter-000781,340,#82984b,69.45,271.13,1734.45,1786.13,"[25, 207, 112, 319]","[1690, 1722, 1777, 1834]",1.0
land,ter-000782,340,#a336ef,107.73,198.84,1772.73,1713.84,"[49, 147, 157, 240]","[1714, 1662, 1822, 1755]",1.0
land,ter-000783,340,#295739,134.45,56.87,1799.45,1571.87,"[77, 0, 190, 119]","[1742, 1515, 1855, 1634]",1.0
land,ter-000784,340,#0b93cd,207.73,137.99,1872.73,1652.99,"[156, 97, 258, 185]","[1821, 1612, 1923, 1700]",1.0
land,ter-000785,340,#53c05d,214.04,227.89,1879.04,1742.89,"[163, 183, 264, 269]","[1828, 1698, 1929, 1784]",1.0
land,ter-000786,340,#395fb8,73.83,359.76,1738.83,1874.76,"[22, 317, 132, 419]","[1687, 1832, 1797, 1934]",1.0
land,ter-000787,340,#3e2c2a,227.88,78.63,1892.88,1593.63,"[175, 26, 311, 123]","[1840, 1541, 1976, 1638]",1.0
land,ter-000788,340,#afed79,141.69,272.94,1806.69,1787.94,"[107, 223, 191, 338]","[1772, 1738, 1856, 1853]",1.0
land,ter-000789,340,#ee53c1,46.29,433.74,1711.29,1948.74,"[0, 390, 103, 477]","[1665, 1905, 1768, 1992]",1.0
land,ter-000790,340,#c8a7e5,162.58,167.83,1827.58,1682.83,"[127, 114, 208, 224]","[1792, 1629, 1873, 1739]",1.0
land,ter-000791,342,#8fce1d,47.42,193.23,5042.42,1735.23,"[0, 140, 88, 240]","[4995, 1682, 5083, 1782]",1.0
land,ter-000792,342,#f63423,134.28,190.93,5129.28,1732.93,"[88, 143, 191, 240]","[5083, 1685, 5186, 1782]",1.0
land,ter-000793,342,#ef1ece,180.21,83.21,5175.21,1625.21,"[123, 0, 227, 158]","[5118, 1542, 5222, 1700]",1.0
land,ter-000794,342,#1288bf,99.57,135.07,5094.57,1677.07,"[41, 89, 155, 180]","[5036, 1631, 5150, 1722]",1.0
land,ter-000795,343,#28e8b5,10.54,12.07,3308.54,1589.07,"[0, 0, 21, 25]","[3298, 1577, 3319, 1602]",1.0
land,ter-000796,344,#2e1593,17.63,14.28,3257.63,1636.28,"[0, 0, 37, 32]","[3240, 1622, 3277, 1654]",1.0
land,ter-000797,345,#42aaaf,38.26,41.67,1938.26,1686.67,"[0, 0, 84, 76]","[1900, 1645, 1984, 1721]",1.0
ocean,ter-000798,346,#3630ad,12.19,11.94,2012.19,1659.94,"[0, 0, 24, 25]","[2000, 1648, 2024, 1673]",0.56171875
ocean,ter-000799,347,#213485,12.17,10.26,5539.17,1730.26,"[0, 0, 22, 23]","[5527, 1720, 5549, 1743]",0.8500000000000001
land,ter-000800,348,#7a1744,34.41,34.93,5571.41,1783.93,"[0, 0, 74, 76]","[5537, 1749, 5611, 1825]",1.0
land,ter-000801,349,#b4cec6,59.58,52.93,5485.58,1861.93,"[0, 0, 119, 95]","[5426, 1809, 5545, 1904]",1.0
land,ter-000802,350,#a342f7,30.01,22.0,5111.01,1831.0,"[0, 0, 58, 48]","[5081, 1809, 5139, 1857]",1.0
ocean,ter-000803,351,#240273,6.78,13.61,1658.78,1840.61,"[0, 0, 15, 26]","[1652, 1827, 1667, 1853]",0.8500000000000001
ocean,ter-000804,352,#321e6c,8.24,5.89,1814.24,1838.89,"[0, 0, 14, 12]","[1806, 1833, 1820, 1845]",0.7
land,ter-000805,353,#78c964,17.34,19.96,1663.34,1971.96,"[0, 0, 39, 42]","[1646, 1952, 1685, 1994]",0.8500000000000001
land,ter-000806,354,#a38e77,25.65,18.9,1694.65,1999.9,"[0, 0, 60, 44]","[1669, 1981, 1729, 2025]",0.876953125
land,ter-000807,355,#eb8681,16.48,20.1,1728.48,2015.1,"[0, 0, 32, 43]","[1712, 1995, 1744, 2038]",1.0
land,ter-000808,356,#a86b84,4.3,12.58,1709.3,2011.58,"[0, 0, 12, 27]","[1705, 1999, 1717, 2026]",0.778515625
land,ter-000809,357,#1b1de0,17.9,18.1,1758.9,2026.1,"[0, 0, 54, 30]","[1741, 2008, 1795, 2038]",1.0
